Total_Revenue,Total_Orders,Total_Quantity
6942.26,362,8671
20.57,3,4
129.29,27,315
1.68,1,4
142.74,73,664
254.41000000000003,63,650
165.55999999999997,16,2251
24.36,18,58
14.28,10,33
1715.78,167,2103
2373.2599999999998,289,3837
721.13,52,625
4566.21,324,4226
111.22,21,261
7408.65,251,4829
73.66,26,254
1416.2600000000002,255,10153
32967.03,991,44272
4345.62,306,5101
13210.85,250,4964
4644.13,189,1670
3027.26,231,967
4559.650000000001,227,1596
47267.450000000004,857,9504
57975.450000000004,1033,11286
12228.92,344,2473
1456.3200000000002,87,116
2170.4,116,173
577.84,38,46
3153.73,148,476
3327.67,156,438
2753.72,122,470
1567.0,4,509
6444.9800000000005,449,1414
41.81,5,5
422.96,85,3141
3.84,4,32
799.3199999999999,112,3812
608.01,83,2901
9513.1,93,29355
711.38,65,1572
1870.7,106,2314
134.5,39,160
1544.52,50,15121
180.29999999999998,13,2145
389.22,3,6193
429.44,74,9312
1223.5,59,10056
1054.7,31,10612
537.06,105,3461
560.48,32,3169
46.45,8,151
84.69,4,941
281.32,35,848
185.73,10,4313
159.0,39,1210
130.71,8,273
72.5,5,52
399.0,36,950
619.5,56,1475
6558.62,419,16661
45.0,2,450
75.0,9,750
97.5,33,975
439.0,39,1050
5435.4,440,13198
4084.92,318,10026
570.4300000000001,30,8101
36.96,13,88
512.38,101,1686
126.82999999999998,11,1283
10.5,1,25
567.0,43,1350
105.0,9,250
1892.46,149,4563
409.5,34,975
10.5,1,25
658.75,60,2075
640.95,59,2060
626.25,56,2025
533.75,48,1750
12.899999999999999,1,3
213.37,9,101
81.1,5,34
290.45,21,662
528.56,22,1039
230.59,12,97
162.73,14,82
116.4,16,96
423.53000000000003,76,143
457.65000000000003,46,265
287.01,37,366
5.2,3,8
371.64,88,4158
448.13,98,4629
499.55,128,3357
1271.66,165,1520
1333.95,310,5827
593.29,260,2652
2233.15,580,10385
559.54,236,2447
492.17,21,347
441.77,8,212
479.40999999999997,28,186
765.02,28,345
13.75,7,11
101.25,12,81
305.66,40,941
232.35,35,524
70.98,10,169
375.93,101,1063
221.06,15,1016
766.09,55,5473
299.34999999999997,23,1211
14766.42,456,70369
71.4,6,34
179.56,12,261
11.100000000000001,2,19
221.4,2,335
135.70000000000002,4,209
80.60000000000001,1,124
336.20000000000005,20,385
806.16,95,726
867.4499999999999,126,721
950.4,113,856
658.7199999999999,116,520
296.78999999999996,29,263
680.65,107,586
221.03,3,256
89.46000000000001,2,213
572.4,31,1068
26.7,5,62
170.13,16,276
43.75,2,97
204.36,8,479
36.599999999999994,6,95
23.699999999999996,4,61
984.24,76,3720
84.84,2,228
2.52,1,6
867.8399999999999,69,3280
254.51000000000002,55,2559
837.88,43,3707
2.08,1,52
92.82,18,442
10.5,2,50
95.76,20,456
640.26,187,2768
222.75,70,990
1968.45,66,10625
182.65,26,173
105.2,28,88
1285.8899999999999,117,2085
316.98,51,276
27.71,8,19
2204.35,178,3964
1117.0900000000001,76,6240
803.25,86,315
149.1,23,355
333.61,13,709
896.3399999999999,17,4542
661.23,15,3124
598.3100000000001,38,1257
57.98,11,86
1351.1799999999998,39,1125
1684.58,145,1580
61.78,34,743
646.56,81,1620
447.0,28,1150
751.6800000000001,57,810
682.32,89,716
15.120000000000001,7,36
156.65,24,133
642.66,65,353
123.75,12,33
1043.22,72,11396
30.16,9,64
600.66,98,433
298.7,20,117
41.14,6,8
43.349999999999994,12,17
17.849999999999998,3,7
3924.9199999999996,211,1763
5.9,2,2
8.850000000000001,3,3
3231.13,236,1223
1479.61,135,292
1077.81,195,637
449.26,121,283
992.99,105,498
648.54,137,297
1014.42,194,578
61.76,14,15
451.67,33,207
1127.59,128,582
1027.29,172,1516
528.77,81,2004
505.41,120,398
608.48,189,414
726.47,118,1877
2251.36,353,1584
533.51,138,369
88.75,26,71
980.0600000000001,123,898
471.33000000000004,49,728
369.41,44,1074
155.41,31,57
4256.34,348,1335
412.45000000000005,46,911
108.69,24,40
2454.88,367,20951
1111.89,214,797
378.85,48,694
1038.72,143,786
201.0,36,138
6.25,2,5
4348.52,463,3412
8067.83,693,6465
13105.7,966,10475
9798.06,760,7774
6.6,1,4
30020.97,715,6149
19.5,4,6
4757.15,341,1405
10171.31,589,3068
3.25,1,1
1910.06,176,580
66417.47,1725,9783
2002.84,186,590
332.9,11,464
614.1,41,429
3682.76,139,908
161.89000000000001,18,33
622.33,54,166
604.58,61,142
617.9399999999999,60,151
96.6,21,40
114.44999999999999,21,47
797.9599999999999,88,294
1125.05,103,420
721.49,50,353
3296.7,245,782
1993.47,169,471
1371.42,80,361
996.19,53,273
1243.68,199,1613
25719.13,1052,12643
37499.37,1415,17710
40667.05,1314,20814
649.8199999999999,28,1580
424.0,1,400
1925.04,246,1533
7767.48,757,6296
17457.35,1213,13353
27598.42,1573,24479
0.85,1,1
20401.05,1379,18296
35190.21,2035,32197
71106.29,3056,40317
38506.74,1926,22118
45655.27,2351,26678
42270.3,2067,24596
1778.12,121,5262
1011.7,102,2218
1252.92,73,4142
1452.2,294,1927
1470.62,117,1592
1540.29,202,1515
233.5,19,290
1.7,1,1
1301.72,74,1610
8.65,1,1
9224.92,108,683
14266.980000000001,183,1600
22097.61,766,3062
26866.629999999997,909,3688
6023.26,471,2839
2868.2000000000003,358,1500
509.00000000000006,56,218
10444.82,852,5094
1089.73,122,5145
851.5600000000001,64,5728
890.7,78,5347
953.42,95,5425
891.13,63,5777
1313.66,81,5550
1422.46,146,458
1343.79,136,458
702.86,74,267
2134.76,193,685
1265.06,146,442
1548.47,155,518
1741.61,179,812
1534.19,149,767
808.81,79,438
2190.59,201,1045
1201.6799999999998,140,606
1848.73,161,970
963.9799999999999,117,3339
962.48,119,3484
926.54,112,3604
832.66,84,3258
1262.7,169,3660
944.3599999999999,90,3611
1333.96,98,231
579.93,61,103
995.48,87,155
1051.4,55,165
3570.87,37,101
3672.35,36,102
3533.9,31,99
2535.1,30,69
63.75,1,5
518.5,22,281
591.02,48,212
308.7,29,135
182.15999999999997,22,99
1308.15,83,551
355.33,26,200
303.96,5,1005
1422.0,111,1092
1596.81,116,1051
874.4599999999999,84,1149
579.31,61,325
12.75,3,5
208.89000000000001,13,189
123.6,7,24
268.5,30,87
631.49,65,228
54.45,8,11
286.42,25,42
9.3,1,2
533.71,19,253
1255.08,7,361
290.72,14,355
209.36,8,173
10940.48,607,4423
9825.02,481,4820
964.61,82,407
927.96,79,474
1122.6499999999999,158,1681
811.8,5,52
87.02,10,80
250.0,22,224
188.07,18,165
565.8,63,446
1018.11,118,633
1419.09,93,885
502.27,24,76
1956.81,169,1453
334.35,27,80
115.05000000000001,12,39
593.03,24,674
713.8000000000001,23,820
429.57,28,335
711.3699999999999,107,441
234.29999999999998,47,142
674.0899999999999,122,408
410.84999999999997,73,249
6.6,1,4
42.0,11,20
96.60000000000001,16,46
691.1400000000001,37,325
601.53,50,293
498.14000000000004,29,252
500.49,33,251
1368.91,191,1280
1093.14,153,1098
518.07,71,882
295.12,53,529
52.2,7,29
1978.0500000000002,127,1273
5.04,5,12
952.51,85,737
67.8,11,57
2.55,2,3
8.850000000000001,2,3
6.300000000000001,3,3
2.95,1,1
3540.22,308,1777
118.39,8,18
547.74,19,367
398.03999999999996,13,657
202.62,4,605
236.32999999999998,3,684
1095.35,38,102
1308.5900000000001,76,559
827.3000000000001,79,267
47.20000000000001,4,16
115.05000000000001,14,39
848.7,75,351
693.9200000000001,53,327
129.8,12,44
806.58,67,91
1525.22,116,206
919.8,86,187
63.5,4,10
368.24,47,101
769.12,47,106
898.7199999999999,43,314
52508.560000000005,2030,18670
2238.07,157,673
1143.97,81,333
1329.4900000000002,52,505
1185.07,74,197
574.48,46,300
843.3900000000001,76,333
10.2,1,12
342.75,22,118
896.28,124,998
7.5,4,6
540.21,71,381
353.39,83,687
150.72,24,329
54.449999999999996,9,33
25.590000000000003,3,3
3083.82,236,2338
184.60999999999999,15,126
70.5,10,38
2550.84,215,1900
4687.65,514,3530
4676.15,509,3459
50.99999999999999,6,20
4265.24,420,3007
3997.34,296,1055
185.11,19,43
12066.52,613,3237
9387.29,574,2490
28580.97,1148,22260
24785.31,1397,20496
6773.950000000001,658,9863
8686.54,822,13219
11848.710000000001,902,18099
376.34000000000003,76,549
5069.99,485,3792
5438.57,557,4117
10271.81,709,8156
282.31,58,233
4069.16,513,4718
4243.8,576,4851
5469.08,641,6280
1940.9599999999998,245,5867
3047.99,291,2370
1530.95,204,1217
288.35,22,131
46.8,9,24
782.18,57,407
1706.1399999999999,103,895
884.5600000000002,32,7084
3220.4,433,6151
1334.1100000000001,32,10967
39.949999999999996,12,47
1686.79,335,6311
796.74,83,170
942.2600000000001,127,324
1744.98,94,690
717.8000000000001,90,141
1507.22,184,417
647.75,64,109
625.07,70,137
914.6700000000001,48,1927
2.51,1,1
1494.99,102,1047
1114.76,83,850
1373.8,118,1840
4293.7,299,2297
928.0899999999999,189,1850
771.7299999999999,186,1700
582.85,82,834
535.89,87,659
182.70999999999998,42,213
396.12,81,300
716.73,124,549
433.61,77,355
423.9,92,323
290.9,51,239
176.7,39,144
252.16,50,203
10132.11,573,4590
3801.8999999999996,1902,4002
18644.78,929,5994
2.55,1,1
355.48,52,166
3423.6499999999996,228,1313
1125.85,68,894
9049.29,525,2666
8717.31,399,1473
1921.03,141,677
1486.16,127,754
3537.9999999999995,182,382
3839.0899999999997,222,386
4961.33,195,545
2055.5899999999997,275,2396
1348.56,221,1596
952.55,151,1276
1046.56,163,1396
875.87,136,1053
1256.27,238,1456
4432.92,171,884
1455.36,118,608
1494.67,131,2284
3830.67,266,4763
4224.63,373,4066
5404.360000000001,279,5099
2083.46,229,2034
4998.32,472,4269
714.55,92,843
2058.1,192,2790
6181.25,741,7211
25416.93,2123,31076
3.4,4,4
1960.45,163,7183
1008.8100000000001,223,2929
1872.68,66,13731
10781.810000000001,843,16658
168.08,32,260
1816.73,136,16615
112.54,40,323
1729.09,278,3107
1868.7,47,13700
1571.5,28,12846
15334.029999999999,984,19633
274.57,40,295
2711.71,143,15919
27.2,7,32
13263.93,596,8537
1516.64,33,13290
3795.0,269,2540
221.07999999999998,20,82
2419.6800000000003,169,790
6624.77,313,2302
25407.27,613,12962
4476.49,223,1173
7729.37,329,1640
3187.1600000000003,214,1379
5484.26,189,2222
7306.14,494,5666
7955.84,431,1247
7900.01,534,1355
502.08,26,328
104.25,7,69
41.01,3,3
16.98,1,1
18442.7,873,15215
14844.78,807,12209
3393.06,252,2751
12172.79,629,10029
2211.38,246,2123
2349.22,285,2325
998.0300000000001,48,297
841.63,57,126
949.44,60,124
1200.93,49,721
1098.86,49,276
476.61,47,93
712.91,42,410
646.4399999999999,46,377
8567.24,405,5985
17451.45,739,10496
65189.29,634,18739
4149.15,182,2088
287.47,60,543
1256.21,49,869
1513.6699999999998,58,789
870.48,118,477
4294.6900000000005,139,393
11694.95,903,8095
16343.09,969,6665
17002.28,930,9137
1616.95,176,689
1792.6599999999999,310,2587
1445.37,250,2105
557.49,58,794
1806.05,206,2360
1655.8799999999999,285,2402
1757.92,253,2800
16626.41,721,5981
15167.38,966,9360
38138.86,1425,19932
587.52,114,2440
14262.61,772,8856
2578.27,260,1845
11382.16,971,7685
607.9599999999999,77,340
19593.81,1135,9696
43851.48,1659,20676
3517.9,505,4284
50117.14000000001,1810,24732
876.29,44,132
8532.17,369,5272
2243.7799999999997,144,1344
2771.34,128,912
1698.8799999999999,123,797
1337.59,111,806
3408.61,201,1479
3885.64,216,2167
274.37,22,111
751.5,95,578
2122.66,150,997
306.89,22,178
661.81,45,453
1472.3,118,1282
1495.6999999999998,149,1305
2065.16,126,1421
6517.16,235,2741
1103.48,66,854
2526.9999999999995,145,1539
2682.99,205,1608
1746.97,144,669
3067.8999999999996,238,2155
5597.419999999999,282,3601
976.91,120,1078
1368.04,137,1476
21727.19,1161,15118
3365.64,237,2405
51825.15,3118,94884
21390.760000000002,1481,40263
2920.8199999999997,199,2006
2533.88,291,4349
20169.0,802,3884
29769.239999999998,928,2904
20800.31,897,5256
1303.27,176,1013
888.68,159,659
709.66,107,535
804.65,133,621
587.08,43,492
2691.91,312,2171
2.5,2,2
230.54999999999998,37,213
122.57,31,97
24128.86,1482,19428
49300.57,2435,37997
8164.0,903,9477
6438.39,751,7369
6535.74,769,7581
1869.07,260,2213
11917.73,657,7085
9287.699999999999,503,5636
8279.07,445,5045
4268.36,304,2567
3685.63,209,749
664.73,81,422
1299.55,158,1043
4770.530000000001,259,1661
997.5500000000001,60,402
1683.93,132,595
408.66,22,168
1225.17,122,332
860.0799999999999,96,476
588.64,65,326
13968.48,532,1549
21386.559999999998,526,1505
13843.92,655,2293
11564.43,534,3512
1146.1200000000001,77,283
2366.0200000000004,132,606
658.29,56,299
917.8499999999999,68,391
705.59,34,321
98.9,9,23
74.6,10,24
261.66,49,397
1036.84,65,114
874.43,51,76
3109.83,339,2348
2420.69,105,175
1714.48,55,249
1558.94,29,677
1309.3899999999999,48,54
1654.4499999999998,118,2758
1621.83,101,3527
1800.44,70,3333
1716.8,67,3680
1522.28,69,356
1629.2,81,512
1668.72,140,1547
1362.6200000000001,99,1007
1623.01,101,1006
1860.0,93,4107
2557.4700000000003,224,982
1549.31,102,1413
2.5,1,2
2077.93,153,2411
1427.11,91,2449
872.34,85,343
1653.75,139,2246
755.8,14,52
966.35,34,166
841.7,12,53
985.54,30,96
591.58,18,86
342.8,68,681
650.07,72,749
705.9,6,132
325.6,5,49
179.7,4,6
539.6700000000001,94,701
1179.17,26,299
5771.11,415,6711
24641.390000000003,1066,11426
1146.11,47,693
1453.4,74,357
900.42,93,972
743.6099999999999,65,508
913.34,56,398
301.8,18,122
590.45,14,301
2506.89,80,740
2845.71,175,1014
11593.86,643,17770
3378.5099999999998,495,1926
4612.63,643,2441
3760.66,555,2082
2454.0699999999997,201,1452
946.6800000000001,30,110
1644.17,50,270
3192.09,222,1057
989.62,28,42
527.5600000000001,43,1823
103.53000000000002,12,33
873.25,13,199
544.5,12,30
19194.13,419,1758
410.64000000000004,29,72
92.00000000000001,3,20
749.82,26,166
47.6,4,8
2030.8400000000001,133,842
4010.73,171,553
647.7500000000001,42,225
3702.75,177,1099
3110.28,158,880
160.45,9,19
2979.46,217,2476
4218.05,341,3452
2014.1599999999999,349,1592
1827.76,211,1388
1398.71,222,1129
2116.48,73,208
2790.41,100,441
7361.74,286,556
5296.4800000000005,401,984
3407.7200000000003,167,468
707.9200000000001,77,469
1140.0,77,238
278.47999999999996,60,211
212.04,47,201
225.36,22,133
251.97,22,54
556.01,64,404
267.01,50,156
548.89,61,636
809.67,71,470
817.6,61,134
849.91,46,183
742.56,98,518
728.9699999999999,88,560
705.46,125,641
14593.320000000002,651,5031
8568.0,532,5104
1665.66,152,1238
1590.43,323,2204
1810.1899999999998,150,1917
9358.939999999999,690,10832
680.78,105,1148
21.25,4,25
290.16999999999996,29,311
2008.09,261,2299
13552.97,588,10937
1811.89,175,1417
1478.13,48,7545
1172.8100000000002,43,5244
1864.6299999999999,150,4005
1401.6,115,2968
1205.25,77,948
2017.74,180,2157
2231.9,126,2295
1550.44,118,2378
213.07,91,1078
315.7,121,1437
333.42,151,1698
523.0699999999999,157,2319
8.65,1,1
5883.33,453,1294
3045.31,240,703
4.25,1,1
1458.28,150,312
8352.94,624,2090
279.0,67,275
1131.14,52,3162
870.89,36,1637
726.1600000000001,82,348
603.0600000000001,22,751
1023.9000000000001,118,502
533.8399999999999,66,194
577.6899999999999,19,1259
332.16,31,120
2144.48,105,1792
2619.17,147,3160
2861.64,142,955
1274.93,95,505
1647.0700000000002,99,1028
999.0600000000001,119,507
11762.93,465,2883
11342.25,997,6359
18044.97,814,4621
2511.3599999999997,278,1483
5435.91,237,942
2350.92,109,677
1229.8200000000002,36,373
2837.54,240,2259
597.56,95,472
655.4599999999999,133,928
704.9699999999999,136,973
727.9300000000001,26,257
902.0300000000001,36,291
1887.23,146,1519
1669.83,232,1258
3842.63,336,2776
1640.1699999999998,211,955
77.35,3,13
5731.330000000001,408,1875
807.5999999999999,194,937
797.27,167,901
776.05,65,738
716.0,65,685
849.24,88,768
520.55,44,263
249.64999999999998,27,113
171.04,23,82
2425.41,171,413
7484.81,302,1349
2286.75,217,539
2875.6400000000003,187,793
3479.79,275,927
3263.75,254,1025
2361.39,142,669
3482.01,210,1165
4190.93,319,1102
5095.63,319,1406
4077.82,285,1056
3212.16,90,157
4189.5,94,210
14.95,1,1
2219.5099999999998,85,142
3248.94,45,273
854.23,92,204
31079.8,930,6219
899.5200000000001,57,285
25613.45,1050,8174
2296.76,184,740
18171.14,864,4584
37078.67,1385,7593
3638.67,294,1116
9784.58,359,2384
157.60000000000002,14,28
1210.6,55,637
5367.009999999999,248,2878
252.45,29,272
6449.0,501,3833
5119.3,376,12465
10.5,1,25
6978.0,485,17500
10851.92,802,26726
6059.84,460,15052
6443.0,492,15950
740.42,64,1801
2005.02,329,4913
4534.49,665,10878
3455.41,584,8223
2808.62,541,6716
3587.22,628,8696
16.8,2,40
469.28,109,1107
3149.93,553,7356
411.63,108,957
46083.71,1122,6916
35955.44,1150,5255
13.5,2,2
24968.47,831,3345
5680.15,257,899
1790.44,152,503
1361.5600000000002,162,959
10174.119999999999,776,4073
1419.71,90,1387
16614.870000000003,954,3343
4768.64,342,938
16837.0,1111,6776
474.74000000000007,61,221
4338.71,256,1005
1924.51,51,1308
13551.640000000001,709,2723
2394.95,87,1323
1636.24,201,1907
1600.75,190,1877
215.0,24,284
5052.21,503,6064
1640.1200000000001,82,697
1848.4700000000003,119,719
1776.1200000000001,107,682
1270.39,51,547
1565.51,64,295
824.95,22,169
837.6,35,165
581.27,39,90
767.75,22,167
1131.37,134,425
4244.41,293,1607
3169.3900000000003,302,932
10810.66,768,4207
20345.53,1221,8227
15.44,4,4
7303.91,522,2969
970.2800000000001,73,678
6875.71,362,2786
4524.5,294,1951
1686.19,205,732
5716.5199999999995,464,2556
5062.86,380,2205
1560.85,136,1029
1329.6299999999999,172,542
1890.74,203,1172
193.04999999999998,16,117
6070.05,352,3769
1.65,1,1
6018.75,238,2583
5173.05,260,2071
7748.55,284,3351
2583.4500000000003,88,1119
4141.28,286,3448
6003.08,365,3978
6552.46,476,5876
1629.31,94,1391
21.06,5,5
76.95,9,9
42.64,9,10
4186.29,218,1499
1543.67,97,542
2182.19,148,750
2025.7700000000002,113,698
1861.4500000000003,145,632
4538.17,194,1627
2308.67,169,1168
2458.58,191,1152
2135.01,169,834
1823.74,139,698
2069.02,212,1131
2206.73,222,1087
60286.04,1292,6900
19936.94,626,3699
45402.18,530,6165
10641.15,403,1771
7037.62,334,984
3017.0699999999997,204,1496
3766.35,115,195
3185.2799999999997,87,164
1961.37,105,177
1973.3899999999999,95,162
1571.75,54,221
1076.22,53,132
1663.11,72,175
1507.74,69,1771
855.24,42,398
985.74,98,1014
1741.72,93,1358
2220.94,142,1020
228.64999999999998,15,259
2049.4,205,2225
946.31,111,1666
2575.18,251,4413
2127.94,204,1521
1461.47,137,1087
1642.6499999999999,133,969
1899.2800000000002,144,848
3956.48,231,2940
1162.89,29,421
1163.8,197,3204
2200.3599999999997,124,1361
1747.9399999999998,78,896
2565.67,111,1246
820.21,82,1183
2277.5,89,1396
1614.54,140,985
1967.38,118,257
9271.89,519,2225
1891.7,66,120
1511.3100000000002,98,239
1735.0500000000002,106,269
488.16,32,76
1031.07,67,258
638.8000000000001,75,879
1105.15,85,1760
6126.25,163,354
13912.17,825,10357
13839.18,805,10578
12074.4,767,8845
12339.32,727,9488
14411.13,815,11120
13272.39,763,10050
680.8499999999999,9,43
1576.84,268,1782
893.7199999999999,159,1193
1859.3799999999999,279,2125
423.0,80,572
4034.5099999999998,370,4871
2483.68,268,2858
2234.81,79,233
2767.59,152,559
2757.4700000000003,152,936
1357.61,104,1696
44.849999999999994,2,3
2460.1400000000003,33,65
1871.23,101,477
2845.6500000000005,142,912
1268.12,60,342
990.84,82,258
960.99,72,249
1906.62,111,502
2648.6200000000003,120,871
1593.16,70,556
1952.1800000000003,102,630
2251.1400000000003,107,749
295.08000000000004,7,372
399.01,112,530
82.44,3,108
7028.509999999999,525,6335
918.6800000000001,8,2636
5646.47,561,14577
13235.16,568,17175
3145.7099999999996,225,2534
5026.21,254,1348
4184.95,172,1005
2336.48,129,611
2876.7200000000003,117,696
2235.0099999999998,110,726
1555.66,71,382
5145.4400000000005,391,2733
6182.39,522,4283
8987.24,487,3553
9397.07,496,3709
4039.6299999999997,176,1554
5250.3,467,4030
813.14,141,906
929.81,112,1068
990.5,144,1090
327.75,79,347
769.13,135,866
888.3399999999999,178,996
1036.4299999999998,173,1135
930.99,155,1077
2773.11,40,298
422.9,30,124
5534.17,293,1115
48315.84,1537,28910
3214.57,58,925
50346.490000000005,1760,17575
529.49,29,97
11112.85,262,853
393.69000000000005,27,193
7362.66,164,398
1322.63,131,422
1451.8500000000001,177,494
698.0100000000001,66,201
2293.7500000000005,190,701
2647.28,193,437
3767.0800000000004,182,1288
2697.1600000000003,217,898
9201.49,486,2699
7468.34,488,5965
2452.35,153,2049
10980.980000000001,286,5657
663.85,62,309
1244.81,37,77
46516.990000000005,2066,7595
34836.020000000004,1696,5643
9944.65,581,1612
454.3,42,80
1069.76,79,135
1274.47,13,30
1740.0,12,15
1814.75,24,65
1157.8999999999999,17,43
659.1500000000001,11,17
3076.39,143,371
29.95,1,1
6756.09,163,497
7954.87,48,123
14807.300000000001,651,2991
12.75,1,1
1899.4,308,1642
2129.81,368,1711
1326.29,277,874
9075.51,367,1126
1097.8000000000002,22,301
1745.85,32,203
10125.72,363,655
3538.2799999999997,178,290
1514.63,100,2005
3049.0299999999997,450,7471
11926.08,469,15135
2725.0899999999997,206,3375
2437.0699999999997,218,2920
23506.17,1888,27244
22858.6,1313,17604
2517.88,141,494
1627.3600000000001,102,353
3552.09,178,713
3734.9400000000005,80,441
2782.19,67,324
1467.6599999999999,258,3398
1917.1999999999998,323,4377
1938.96,322,4463
2240.9900000000002,137,597
957.63,103,2221
1179.4299999999998,128,2707
1422.45,172,3225
2715.53,144,1001
2427.89,207,3015
4374.41,344,6959
4577.18,382,6340
3917.4900000000002,205,805
3761.4100000000003,184,815
1016.53,95,670
1060.24,92,679
637.3399999999999,50,422
1077.19,130,1687
2549.45,285,4196
2247.14,248,3847
3132.39,180,795
2866.6,153,713
1343.7,142,1010
2447.72,212,2468
2351.46,211,2782
1053.1899999999998,75,733
2326.87,240,1800
1068.89,134,835
1396.6200000000001,180,1105
3242.18,409,15035
3185.6,256,7658
5836.759999999999,459,3338
10681.67,444,6239
1003.89,100,249
1622.64,91,244
5.45,1,1
1085.5900000000001,83,201
1857.47,132,437
1308.74,47,551
64918.299999999996,1527,6128
15329.44,494,5374
3758.4100000000003,158,2521
3803.4,264,1601
675.37,71,347
1483.51,134,633
1072.98,106,447
1473.56,149,628
13.9,2,2
15.399999999999999,3,3
5.17,1,1
10.23,2,2
10.23,2,2
5.17,1,1
4431.54,411,1853
2085.6400000000003,297,896
3591.5,453,2168
1562.87,288,1144
11163.64,881,9075
1469.5800000000002,111,1264
7627.49,630,6083
13654.89,779,11492
5163.8,330,5092
2360.0099999999998,199,2010
8209.17,617,6332
7882.08,414,6818
7351.25,623,5663
15954.75,755,14054
4586.48,403,5586
664.84,152,1567
1289.8300000000002,329,2483
554.95,118,1332
499.44000000000005,119,1052
1199.48,226,2348
663.61,161,1448
13862.17,825,3520
17095.66,1123,12805
10451.6,547,3489
15547.75,835,12142
10151.28,818,7826
587.8,20,172
1836.14,247,1320
1718.63,85,555
4944.04,290,2387
2641.36,106,866
2538.81,113,827
4322.47,622,6676
5529.14,835,8323
4061.51,688,6158
3408.03,474,5359
6908.870000000001,407,3436
1201.52,145,757
2141.07,263,1615
12879.460000000001,424,1786
10866.220000000001,771,5163
19125.980000000003,974,9678
1398.1799999999998,111,1066
4080.8499999999995,344,2546
14651.33,828,3734
4302.48,298,1129
17725.36,963,12957
42664.54,1025,36289
4751.06,713,11011
3324.22,467,8010
6013.139999999999,788,14598
30.47,5,6
11199.18,388,1443
2662.64,119,337
2486.6600000000003,123,315
1562.33,167,1201
1325.27,147,1009
1728.24,192,1260
46202.52,1542,24268
49651.99,1619,25608
27368.08,1321,13390
61537.55,2329,29182
8498.61,649,3871
9087.63,625,4116
8275.22,725,4597
13103.21,921,7127
22741.309999999998,1046,7805
12038.82,657,4100
1136.28,221,1672
529.16,149,591
1106.01,204,1789
1307.1,240,1862
358.96999999999997,67,625
2302.81,298,1675
2921.36,267,2293
3164.18,269,2598
263.63,18,211
23734.4,729,3911
4401.44,479,15652
1560.82,171,1055
2420.0299999999997,210,1670
10622.15,808,7046
15236.62,1303,31332
7792.37,950,14570
28081.73,1993,56061
8650.14,676,31337
7129.46,553,26204
10395.88,718,32086
1875.0199999999998,325,6118
7023.95,432,25351
8972.11,919,25523
4786.13,469,13476
3988.0600000000004,385,6417
5820.099999999999,416,7829
6790.7,654,8552
4530.54,497,2453
1927.54,289,1103
6744.8,656,3320
5216.88,577,2849
83.33,1,1
2430.31,233,1413
2076.77,430,4975
2257.0,439,5391
1641.6399999999999,288,3970
1717.47,366,4029
4806.49,845,11297
2665.13,507,6344
7280.76,1101,17602
5197.84,685,12735
493.99,142,1125
418.12,111,980
681.93,128,1603
673.49,94,1617
1731.24,360,4083
695.11,135,1649
3035.7,634,7054
481.0,45,1150
353.0,30,850
1144.3,94,2815
18650.870000000003,555,7540
627.19,128,1738
619.25,125,2197
550.28,89,1940
5981.64,473,14542
2613.5,208,6375
3351.0,261,8250
1166.3,102,2815
1015.75,114,3500
1354.0,115,3300
1317.5,116,3175
1460.5,128,3525
4020.8899999999994,87,4551
655.01,74,361
8179.19,724,4925
656.87,34,607
4011.73,260,3060
795.72,103,520
6639.03,458,4940
5691.41,158,733
19121.37,520,2171
1248.15,126,761
6356.06,356,2303
10592.66,693,6606
6273.84,456,8640
2729.16,273,3435
3019.3199999999997,252,1855
1979.82,276,1112
2164.6299999999997,267,968
5701.49,320,1835
4355.88,256,1530
9231.01,511,2405
8457.89,474,2124
2216.3399999999997,287,2156
4660.69,358,3079
3490.1899999999996,375,2353
31513.109999999997,1751,17238
8449.94,480,3984
8457.84,684,5028
6512.44,519,3887
2761.04,302,1559
12192.05,957,7267
40412.82,1401,13716
25163.56,811,8803
6883.87,230,2538
117760.29000000001,2018,35084
25389.100000000002,847,8475
13076.880000000001,619,4399
10303.35,552,3506
50431.9,1703,16698
2485.86,324,3179
592.91,140,933
1429.8700000000001,275,2346
2649.05,339,3557
3123.03,284,2978
938.86,180,1667
1281.75,242,2064
1952.04,309,2865
1585.46,291,2123
709.5,127,1005
2790.27,116,1909
1191.69,59,1842
1760.6399999999999,71,1746
968.0799999999999,99,1187
1294.7,55,692
1589.98,79,509
4840.59,369,1240
978.74,128,313
13750.11,642,3338
8563.76,512,2609
49771.94,1689,9776
57981.94,1721,11065
22025.93,996,5759
59189.14,1583,11677
5695.1,500,2889
1103.88,198,823
5207.7300000000005,230,1765
3842.07,271,799
5543.87,340,896
10314.189999999999,367,1018
9167.61,438,1481
3290.0800000000004,191,1095
1700.1399999999999,166,655
751.9300000000001,132,298
4089.09,183,653
4153.11,155,3468
4759.59,195,3923
3095.12,174,3246
10991.21,424,9737
9914.89,692,5243
2989.81,388,3345
2258.61,327,2464
1043.58,298,2354
806.15,317,1624
3322.22,265,1989
1508.28,43,606
45882.01,1914,9366
52843.01,2093,10609
8895.210000000001,572,3663
6445.389999999999,503,4300
942.8800000000001,70,446
12382.470000000001,704,5134
2752.6600000000003,197,1306
2633.13,107,1413
17893.579999999998,1132,12828
6480.29,299,3237
26218.97,1382,12674
14486.55,938,7815
11609.19,716,27562
2642.2799999999997,241,6241
2469.16,283,5705
3073.32,317,7114
2671.81,340,5925
5537.57,581,6156
1451.3999999999999,124,1698
29198.280000000002,718,8985
2738.28,489,6726
3737.9,260,1218
2235.1200000000003,197,1269
883.2200000000001,49,315
7673.7300000000005,272,976
3528.75,159,440
6056.33,303,690
5475.93,312,659
19507.6,701,2275
15645.27,575,2385
23709.46,661,3141
3451.82,185,378
15411.9,997,5026
10374.33,557,5122
5278.31,363,1824
3542.7300000000005,258,1184
3101.46,125,325
52382.82,1816,40081
14418.61,566,2023
10103.38,410,975
1291.3799999999999,138,1538
2156.45,172,561
3297.25,209,586
2887.07,146,389
6224.719999999999,462,3896
5431.400000000001,345,2004
6820.7,364,2104
28112.03,566,10353
49300.94,1299,16186
2591.67,242,1400
16216.050000000001,620,1967
12104.800000000001,543,1426
16117.980000000001,617,1910
3212.1,160,373
9144.24,811,5127
6141.19,981,6586
79520.2,2322,88499
12759.609999999999,646,7331
7480.35,405,1827
5784.92,357,1296
2034.4,166,509
4336.25,264,1074
5469.51,392,1402
1974.29,169,537
11.82,10,14
13298.57,480,3103
3036.95,433,2366
1753.9399999999998,257,1415
1898.4199999999998,287,1586
2022.35,291,1531
8642.300000000001,828,4024
1279.79,92,549
8809.93,359,1085
1215.83,116,1396
2814.81,214,2374
5365.66,264,1232
9270.48,1149,9771
6885.44,270,745
6702.33,156,905
6160.84,403,1489
3359.6600000000003,175,726
7527.9400000000005,401,2373
4344.17,643,6021
1456.6,275,1727
845.3,185,1007
1134.6399999999999,193,1657
2712.48,297,2135
1318.99,158,1109
1210.11,164,949
13965.519999999999,421,1127
5862.42,474,4349
7559.909999999999,368,4756
11860.249999999998,388,7678
9101.96,431,4760
3988.85,413,4633
2287.95,188,1081
1022.79,182,1184
901.5,173,1013
1434.6599999999999,243,1636
1382.96,257,1521
2317.64,298,1871
1175.56,113,956
1158.28,86,964
1792.21,148,1398
1127.11,142,1185
1200.07,119,933
345.47999999999996,57,419
1291.05,131,1342
482.95,72,590
1594.77,241,1557
2024.35,243,2105
1947.82,306,2026
627.38,105,836
1152.22,168,2014
1207.8000000000002,168,1843
1040.1100000000001,161,2542
1291.47,117,1472
1271.29,236,2554
1357.7,204,1521
2638.67,153,685
13921.730000000001,787,4866
3848.34,300,1371
20150.99,810,7355
10770.070000000002,656,3773
7875.33,313,946
4884.86,373,1889
2927.4900000000002,250,1400
5959.53,383,1016
2104.62,214,1440
1248.74,158,877
3285.86,149,511
7304.69,216,561
8533.09,382,1032
4017.74,300,2465
4248.009999999999,261,2705
2200.75,195,1937
1435.7499999999998,121,1340
1525.99,119,1310
817.48,76,764
1223.02,78,670
4412.929999999999,264,3193
3773.74,222,2779
2860.2,225,2034
20629.38,861,16671
13873.539999999999,706,8411
16027.559999999998,833,9719
17702.62,969,13715
4430.82,202,3912
9891.4,526,4116
12124.78,643,5009
10492.449999999999,396,4926
12701.63,540,5439
4689.56,167,2380
4711.53,144,2267
2316.2,163,1621
1804.11,118,1199
2085.0499999999997,214,677
3459.08,266,1331
3113.94,223,1739
6755.56,300,2116
4254.05,269,1233
3146.07,137,985
3888.4800000000005,249,1110
2749.51,387,2136
1432.82,119,1257
1827.64,167,587
4983.9800000000005,389,1583
1698.0400000000002,174,2987
3545.02,180,598
2339.95,305,2528
1528.2099999999998,272,1617
1683.31,116,635
1797.06,152,664
3139.9900000000002,224,699
44257.740000000005,1391,15446
9943.550000000001,646,3065
36170.31,1159,12959
8430.449999999999,610,5159
197.89999999999998,22,128
6011.57,437,3660
6520.549999999999,381,4158
15639.65,697,10030
3552.3599999999997,264,2230
5644.77,510,8666
2234.96,214,4661
1522.52,146,2473
2151.9900000000002,264,6087
1385.46,145,3521
1511.05,184,1799
5698.889999999999,240,3467
2521.2499999999995,230,1817
1985.74,188,3297
807.3199999999999,133,1580
710.5999999999999,128,1466
612.61,103,1300
3119.18,115,2716
10583.119999999999,961,12453
10551.67,366,2571
7883.44,331,2840
29.809999999999995,3,15
17830.71,1117,7090
7917.889999999999,493,3039
8454.56,280,2228
45377.56,1742,31956
20871.9,1584,20015
9352.41,462,2073
8393.61,605,2651
4052.18,202,1278
7535.5,425,2503
6036.26,496,1845
2410.53,253,747
2303.39,169,781
6498.610000000001,340,2054
15289.79,443,2329
17242.3,568,2540
15778.67,1156,8059
8936.8,684,1828
3073.43,287,604
5099.84,430,1023
2969.29,284,590
2632.18,246,529
6920.11,435,3618
6826.51,546,3749
34640.84,1570,15765
10217.66,688,4964
19619.54,1100,9265
34071.97,2153,20248
43254.35,2398,25058
34088.79,2106,20783
32433.5,1248,17057
76324.62,2245,39437
1245.52,92,647
1448.52,83,813
635.1899999999999,66,323
1459.37,120,834
544.29,55,346
413.76,53,234
1427.08,184,1895
3687.48,430,4239
4734.6,277,4040
2049.56,234,2450
3012.78,250,3431
1195.8899999999999,212,1715
1993.38,217,1642
3149.35,217,2487
521.12,75,438
798.67,95,650
2290.46,164,1686
1667.46,198,1363
57318.71,2192,27281
5140.820000000001,402,2401
19728.24,881,6976
7203.57,220,1187
2520.15,204,317
2763.3599999999997,176,1970
11159.9,1103,21451
10417.73,586,12314
3242.59,509,6847
1014.75,234,2111
2351.86,406,4721
1760.94,354,2743
330590.32,3918,26478
20886.89,739,1529
4321.52,301,854
5133.3,372,1333
19273.280000000002,798,3210
3379.67,191,459
9844.039999999999,625,2280
6761.38,356,1397
6771.5199999999995,620,3365
6730.419999999999,517,3532
5186.28,422,2778
4733.49,281,2547
6185.22,537,4915
2687.05,289,4215
5457.97,443,6514
1913.22,170,1459
2599.01,363,3891
3399.41,292,8523
5729.570000000001,472,2644
4765.32,172,866
5393.43,264,683
13856.6,453,10132
3948.8600000000006,275,1287
1751.93,186,618
796.34,82,248
2426.73,121,753
4374.45,308,1323
2798.28,180,834
4496.99,238,1339
3358.1000000000004,255,1271
2212.92,144,801
3933.63,179,1405
21583.2,835,4416
47288.23,2046,15373
3790.47,173,1523
3389.74,172,1378
6283.87,376,4771
3607.81,146,410
12985.309999999998,784,7847
7284.239999999999,461,4517
9857.18,394,5312
28059.48,1095,11868
11542.6,413,1736
48935.10999999999,2151,27908
53506.130000000005,1952,17773
2568.76,176,627
5160.32,250,1099
3070.92,209,811
4746.53,254,972
3856.8,256,769
5218.61,269,1332
3356.74,276,2414
3848.41,317,2772
2691.19,214,1939
2863.06,263,2368
1309.81,219,1272
2739.43,214,2319
5440.51,349,1877
14677.84,419,1101
856.4,40,104
16373.699999999999,898,1632
11788.06,808,6905
7548.67,785,17916
5950.0,390,7423
27817.590000000004,732,43546
7608.119999999999,418,4738
3730.92,468,2765
2682.32,237,940
1996.0900000000001,193,731
4239.07,279,929
6933.740000000001,381,1135
21826.52,774,3584
2647.31,198,580
30339.36,762,2612
60880.3,924,3766
3178.02,54,141
7985.03,115,366
18034.63,744,3773
25603.46,900,5455
11561.95,697,2880
5130.36,187,387
821.57,90,316
1046.66,111,397
956.17,71,384
1894.7,170,585
2202.92,233,1082
2129.7400000000002,208,1046
1700.6000000000001,162,839
1589.41,152,806
2899.8,266,1398
2968.7700000000004,258,1425
2011.28,369,2294
1987.9299999999998,370,2288
1905.81,334,2239
1882.29,352,2183
2713.23,293,1925
2748.79,328,1946
6689.67,207,544
7623.41,554,5824
984.03,155,2437
4257.09,468,10065
3507.76,406,8136
1101.1000000000001,175,2862
1783.36,231,4519
5514.79,583,12891
1862.49,298,4454
3586.24,365,9091
2420.91,350,5861
610.4300000000001,86,1443
2268.13,247,5654
2410.29,189,6162
503.92,66,1245
1281.49,118,3247
3756.52,341,9382
1421.06,184,3451
1760.8,181,4375
846.82,189,1980
4404.31,428,3526
9718.41,711,6521
7669.64,425,2058
25912.87,1299,15441
13013.149999999998,1090,7794
22853.719999999998,1275,13588
18680.32,967,11549
22334.079999999998,1196,13585
17401.3,1126,10369
19513.17,1202,13809
1986.8700000000001,202,1583
17861.71,742,14836
19524.269999999997,904,11642
4682.3,393,3978
6923.85,533,5942
5221.400000000001,343,4570
1902.1899999999998,278,2086
2373.8199999999997,297,2836
6955.83,506,5561
20244.97,875,5479
20104.43,784,5521
20901.1,807,5631
5135.24,511,5780
3087.18,362,3439
4403.83,405,4907
4629.17,415,5074
6699.71,330,3113
2835.08,330,3132
7154.53,832,14023
6419.24,768,13302
3797.2799999999997,553,7152
13141.08,495,2322
2852.6299999999997,380,3565
6324.7699999999995,295,2522
4955.75,349,1873
13287.78,589,5222
21977.3,1084,17557
1815.1399999999999,295,2087
1841.1899999999998,308,2112
7776.84,483,2849
3626.7799999999997,238,1317
3854.15,208,1347
7956.84,304,1980
4823.9,415,5420
4377.33,412,4791
10544.32,796,12535
6471.2,438,6331
2766.08,291,4613
1131.85,144,1790
1976.8799999999999,189,3119
4209.9,429,4860
4547.19,417,5250
5415.589999999999,535,6383
3552.0899999999997,388,4143
4957.62,247,2017
23426.82,642,1827
14881.94,374,1069
22906.54,744,2533
1573.81,170,5735
2414.54,201,7087
5107.54,287,12680
4338.63,195,907
3984.99,109,1001
2419.7599999999998,273,3051
1954.2999999999997,368,5726
1145.8799999999999,188,3718
12460.16,825,39147
20546.99,942,4251
6984.349999999999,242,718
15620.09,708,4008
11073.449999999999,841,8181
13784.319999999998,875,8726
29450.109999999997,571,2945
12432.28,541,2312
27282.73,1219,3152
22911.55,950,2627
7167.4800000000005,339,837
14016.800000000001,653,1600
8367.8,350,1744
37955.5,1368,20807
33380.83,1333,18058
12241.849999999999,663,6272
20540.33,779,10290
17576.670000000002,858,8541
15946.55,499,1688
15795.01,485,1660
13437.03,489,1618
11492.82,598,4478
735.23,74,405
4021.12,275,1651
765.39,87,357
704.9,69,300
2348.47,141,989
1006.2399999999999,96,464
7069.879999999999,610,4857
9925.13,741,5560
12654.71,880,8913
919.63,82,1058
11541.78,486,2302
2717.8799999999997,282,1786
2720.8599999999997,270,3175
16794.05,830,9910
5618.21,381,3031
16971.27,597,2534
12845.0,53,76
9290.0,37,45
50.15,7,59
29563.809999999998,1075,15942
5839.41,194,881
6620.45,631,8199
16213.61,994,9951
11465.29,688,5764
2954.19,266,1429
9589.84,703,2955
33682.62,1657,10706
13586.35,848,4845
10898.05,579,3587
7613.94,438,2386
5510.57,425,4432
2811.3399999999997,246,1688
4736.11,370,2850
1667.5,195,1320
2956.33,297,2377
2754.95,270,2227
2464.98,305,1830
2143.03,280,1583
1875.53,248,1400
1695.68,230,1263
1820.45,230,1356
1559.52,189,1167
1521.86,182,1166
1501.66,190,1131
1342.44,162,1012
1395.84,160,1082
1857.39,221,1406
5784.67,149,895
4756.7,93,865
8366.72,264,1092
15836.35,437,2530
5198.6,218,758
15965.95,606,2135
20469.08,350,17875
10958.6,858,4893
2070.15,225,1457
2790.83,288,1415
30425.050000000003,1353,9795
24374.620000000003,1033,8193
38249.5,1424,13070
3155.4,98,1384
1320.5700000000002,158,675
3156.3199999999997,94,1589
921.8100000000001,165,513
3564.76,295,8678
1567.86,151,3733
1693.24,125,4222
905.94,83,2157
2140.5,159,5325
1099.58,77,2799
2821.28,173,7184
2210.34,181,5377
3002.42,508,7295
2616.12,368,6084
2157.91,359,5277
1133.93,218,2717
2211.41,447,5218
1018.42,215,2405
1141.36,264,2605
1987.83,235,1467
38108.89,1385,7483
4671.81,297,1020
24459.960000000003,835,5972
4262.820000000001,295,1164
10324.92,549,2518
32609.32,1273,7671
36543.77,1363,9234
24257.31,969,6215
11864.0,612,2999
14867.27,746,3702
3965.62,266,2958
5001.84,337,3773
4425.49,338,3441
26763.75,756,9772
2541.38,231,1434
4538.28,408,2527
5840.43,493,3266
8012.57,498,4447
7357.44,601,4021
11395.31,300,13345
9173.029999999999,292,10652
2475.3,180,1002
4542.5,351,1502
4245.17,300,1515
9764.640000000001,703,3976
6699.25,564,2910
4487.2,402,2035
10161.4,742,4142
15354.35,685,3759
11697.6,647,3125
8445.97,466,2264
28139.45,692,3459
1915.2099999999998,404,2332
3044.8599999999997,492,3924
2997.6299999999997,499,3776
1393.45,215,1204
3070.18,308,2696
2618.35,314,2437
15866.559999999998,795,9380
4506.889999999999,120,356
1182.78,34,48
3276.62,133,204
5430.59,135,662
3462.49,25,183
3508.3,53,311
12864.25,640,4367
9478.23,295,1004
11064.72,354,1158
3656.86,45,174
1799.62,71,112
10147.08,512,7489
5914.92,314,4377
3171.11,227,2392
3591.06,184,2791
5190.03,284,3633
17530.46,691,1708
3838.82,100,455
3844.46,194,972
6631.35,193,1735
6167.59,179,1623
7060.58,307,867
3712.2999999999997,84,254
6316.3,45,482
7727.14,369,1551
2207.11,122,412
1549.1000000000001,92,248
3942.62,84,476
2419.54,196,1238
3884.0000000000005,1,200
11728.69,434,9458
3241.1299999999997,262,3489
3271.35,209,389
11175.81,498,1597
8020.45,316,806
4205.5599999999995,140,242
7336.09,356,2367
2020.84,108,253
4586.4,268,1127
5277.95,299,1300
1933.59,62,110
2237.84,36,59
14075.800000000001,670,5261
3008.82,231,2207
1149.02,57,430
4086.5600000000004,294,1375
1243.88,83,420
7664.72,379,2568
6729.13,328,2199
2884.13,140,1021
10734.43,462,4879
7663.83,373,3945
1147.77,295,2728
1468.53,340,3433
2950.93,436,6856
1434.9,355,3392
2720.86,404,6290
1418.12,331,3351
845.1300000000001,110,1353
1047.45,186,1660
3367.35,183,581
3655.0,18,32
2153.9500000000003,48,61
799.02,38,100
6210.0,41,58
7150.0,35,46
2565.0,11,17
2468.5699999999997,118,241
3760.71,18,181
2286.28,138,776
2033.15,85,185
4163.54,13,120
11287.630000000001,597,6900
27082.84,1011,5302
16455.18,450,3534
13220.86,271,922
8971.17,260,579
10023.65,402,1323
6002.52,306,772
5308.58,237,818
3858.51,177,595
11593.28,498,1227
6764.599999999999,394,999
13264.82,346,825
18352.739999999998,482,1157
6128.599999999999,151,381
6287.73,162,403
123.6,1,8
4193.679999999999,523,5167
2467.11,160,565
2205.57,146,645
5624.5,244,1160
5979.24,427,4795
1059.8500000000001,32,877
1048.28,66,1230
1877.34,139,1135
2085.75,165,1250
1060.85,111,612
522.93,50,305
3373.22,221,758
3166.61,169,1107
158.76,2,378
31416.040000000005,1212,14537
28266.870000000003,1083,12778
26117.63,1054,11872
270.38,27,124
393.63,57,167
367.96999999999997,46,155
289.39,30,127
311.3,39,136
262.5,31,120
272.02,28,126
268.34999999999997,30,123
252.22,23,118
271.64,28,128
330.26000000000005,45,128
134.4,21,82
230.26999999999998,37,111
218.82,36,112
255.07999999999998,50,126
213.04999999999998,34,109
217.26,39,110
210.26,35,112
174.16,29,98
160.35999999999999,28,92
130.82999999999998,23,79
327.12,39,196
7821.96,260,800
3103.7,230,644
4322.06,295,3520
1306.09,182,2721
5160.78,192,561
8648.49,411,2847
5230.55,367,2076
2894.75,298,1956
6604.16,471,3168
5769.76,421,2773
19834.04,723,6156
3506.56,199,1716
2053.96,82,745
10755.050000000001,463,3467
2957.17,194,1077
6214.83,445,3370
7279.03,829,8686
4524.0,485,5610
15275.82,1086,17144
58652.700000000004,1427,18634
2454.3500000000004,164,853
1471.0900000000001,108,313
2107.85,122,450
2720.6600000000003,170,570
1474.52,194,3281
1363.38,249,1962
1386.65,252,1996
1322.8600000000001,249,1925
1255.44,248,1800
2199.19,252,3478
1226.72,220,1771
1789.1999999999998,113,2073
1314.8899999999999,90,1583
1323.4199999999998,95,1500
2989.52,191,488
4150.31,216,680
2948.57,162,468
2041.3500000000001,118,296
1459.75,17,23
2846.8,189,1108
1963.3,129,813
2000.88,72,884
2585.92,122,940
1707.47,78,589
2066.82,65,690
895.97,50,279
2563.24,160,972
6891.249999999999,273,3687
3502.54,181,700
15282.81,586,3491
21727.58,483,2615
9466.41,246,1221
11696.640000000001,356,2381
3577.9900000000002,158,4870
7365.7,338,7641
15060.57,275,976
12704.15,209,1011
2164.69,180,2155
2858.19,177,2010
11452.64,352,8333
5785.97,634,10993
19240.05,1144,32988
948.55,119,760
293.89,50,238
2885.26,185,1448
4878.900000000001,256,2494
5014.650000000001,214,1775
3981.96,284,9738
38380.11,1159,9019
26888.43,1200,17252
3640.93,354,4366
3079.41,319,3696
5768.830000000001,408,2761
3834.0400000000004,260,1842
10131.26,732,8219
3271.4100000000003,138,1171
11184.82,306,1127
21501.989999999998,709,14461
10140.6,317,4334
5849.29,272,2431
3219.74,243,1882
2314.33,155,1361
2795.8099999999995,211,1636
1679.66,193,1245
1465.26,149,1127
1313.86,140,999
9564.98,238,2464
6391.82,381,4090
3910.0099999999998,291,2363
704.13,105,471
1543.77,212,1154
2843.55,551,6695
1370.73,214,3349
1895.24,136,4722
2389.9,204,5795
105.84,11,252
11238.45,446,9363
8999.27,372,2811
2917.4300000000003,164,633
7604.889999999999,274,3887
10373.99,348,5233
16478.48,1073,12649
956.94,218,2194
1058.64,266,2381
2094.93,408,4801
1094.93,222,2545
5262.82,534,12366
1252.59,222,2894
1368.28,278,3169
914.37,192,2119
226.2,53,542
903.16,221,2002
2126.55,241,4733
762.75,173,1758
7741.749999999999,184,498
6719.61,133,433
4082.5199999999995,103,263
4879.599999999999,111,315
4197.110000000001,246,1071
3674.1600000000003,223,924
3419.5800000000004,209,856
338.38,18,40
575.25,24,74
826.28,22,67
612.1600000000001,21,51
629.0500000000001,28,81
2191.84,76,180
500.82000000000005,27,120
808.16,22,422
437.81999999999994,25,274
667.8500000000001,11,255
760.8000000000001,54,350
1198.96,62,556
627.95,30,295
2377.1299999999997,137,1369
2303.9199999999996,156,1352
2152.2999999999997,155,1278
3853.68,199,2328
1058.8999999999999,74,714
1448.6699999999998,88,979
3199.99,191,2191
232.42000000000002,16,184
325.15999999999997,20,196
42.919999999999995,8,44
399.71,28,199
1394.03,41,253
1178.48,54,272
711.51,28,103
543.51,23,81
423.29,25,101
497.9800000000001,25,118
2111.4900000000002,36,349
333.5,25,58
2368.37,99,577
3896.84,186,456
4286.55,205,497
3223.49,162,365
5949.34,278,654
3254.32,164,364
2604.93,130,295
1395.18,38,657
2898.12,39,963
1768.67,45,773
430.86,48,490
528.1700000000001,42,249
1332.68,117,1015
3717.56,23,221
3427.44,99,273
2137.81,85,259
1236.66,78,294
1966.93,136,809
556.21,32,88
709.5400000000001,44,160
1205.1,19,315
1273.76,30,334
1706.5,61,143
547.27,48,246
1960.3000000000002,80,472
9935.76,277,8076
13695.77,344,10395
8553.34,257,6831
2225.45,106,251
9117.62,257,1074
4038.25,139,483
8558.76,297,2328
7250.900000000001,246,1932
66870.03,994,30739
3583.23,78,376
1451.43,47,1225
1090.66,69,868
1033.28,79,795
4215.78,225,2354
1870.0299999999997,149,2237
3656.32,209,580
3757.78,135,523
2239.2400000000002,142,939
1924.92,79,152
1736.6899999999998,146,1033
925.35,58,137
2739.38,257,2166
1739.6299999999999,213,2031
1075.03,157,1274
6846.159999999999,365,4072
1405.42,46,118
815.59,53,291
1009.51,73,359
13290.519999999999,372,2219
6835.02,268,2386
4147.18,255,700
3839.2400000000002,138,312
4507.08,241,546
5868.5,57,1154
737.95,45,149
770.32,45,152
382.44,22,76
501.23,45,93
6102.18,258,813
1401.7,151,2282
682.39,100,1685
1000.4399999999999,111,2501
1726.09,133,2251
759.5699999999999,95,935
751.38,43,567
574.88,38,459
5532.04,291,1109
3759.0,194,736
2258.6600000000003,139,448
3999.5000000000005,172,950
3988.98,184,962
3835.9800000000005,115,942
5138.6,152,1020
5525.4,155,782
6431.110000000001,38,1065
5416.18,45,1541
511.89,49,135
275.62,23,83
1231.51,82,879
528.6999999999999,27,414
766.1,52,182
272.91,25,79
1220.8200000000002,40,121
239.97,16,30
4197.83,274,5089
1979.4799999999998,169,2084
2645.26,227,798
2752.2,261,1868
1816.31,247,2139
251.45000000000002,21,99
390.75000000000006,49,148
114.33000000000001,21,61
2080.65,159,554
1020.69,90,263
5842.88,235,2701
1904.77,135,2221
3423.29,205,1665
5143.06,163,2557
5513.83,255,2633
4713.52,223,2293
1794.48,76,1450
2145.3,98,1715
5143.6900000000005,176,1412
4515.22,209,1832
2718.65,92,578
5141.0599999999995,280,3114
81700.92000000001,247,78033
4476.009999999999,231,5847
4558.67,337,3291
6662.84,314,1556
11097.249999999998,445,6857
10051.99,381,6247
6344.409999999999,305,3861
24879.13,416,2766
12342.43,322,3055
9587.15,329,3160
4693.08,226,2165
5521.29,267,2532
936.89,68,327
930.48,53,324
621.09,49,122
1733.57,82,201
3688.2099999999996,433,3741
967.17,84,226
4764.5,264,874
114.85,30,317
819.4599999999999,70,1982
695.06,74,2338
6447.7699999999995,333,3471
3507.51,141,1249
2761.8999999999996,202,1702
3628.8899999999994,281,2201
6114.24,345,3516
4079.28,175,1922
4077.37,214,1835
2842.24,298,1872
2303.5,249,1478
5062.599999999999,475,3342
30450.690000000002,978,14908
14188.960000000001,595,7067
27850.83,906,13366
21810.43,879,10941
42030.340000000004,1231,20485
7741.94,583,7976
5726.38,467,5857
20852.579999999998,1036,12147
13325.55,740,7830
10441.91,668,6308
21418.82,1098,13170
3551.53,192,2849
2930.57,160,2329
2860.89,186,2296
2138.42,152,1682
1695.04,103,789
7038.400000000001,210,3564
630.73,44,525
1613.82,97,1309
483.03,40,379
568.6,61,430
869.15,103,993
1363.04,145,1536
718.53,75,799
750.1899999999999,88,801
649.02,71,738
1176.1699999999998,88,1355
1596.67,98,1247
2070.06,117,1642
1960.0,125,1492
6739.71,256,1869
3217.92,235,7976
3008.34,260,7277
3436.92,238,8526
2105.5,158,5175
5079.78,277,1722
1950.66,105,736
7059.97,327,2493
4274.39,177,1053
7771.610000000001,274,1849
3353.84,178,842
17000.170000000002,536,4177
4669.55,363,2165
3024.63,214,1470
23489.420000000002,470,4800
1733.9799999999998,112,936
31118.550000000003,873,6345
6681.25,309,2194
1426.1,81,842
1531.03,110,1179
2105.75,120,1712
2261.61,138,603
3848.8599999999997,70,258
6903.110000000001,299,1703
4097.22,158,1014
8667.07,368,2113
5147.19,445,3863
2690.81,299,1963
2404.79,293,1769
2743.82,319,2053
1531.95,108,1202
2018.1399999999999,89,1447
1152.98,94,779
1646.32,125,1174
1496.8899999999999,104,1731
562.2199999999999,44,364
1649.0499999999997,112,969
2004.9999999999998,119,1180
4521.72,325,3720
1614.16,157,2023
1000.82,101,1280
757.86,135,812
7003.38,233,994
38133.64,728,5487
4572.41,191,4807
4747.62,222,5048
1603.3899999999999,198,1879
4444.2300000000005,185,4625
2013.7,191,1622
2890.3500000000004,214,2430
2059.03,195,1634
2703.33,222,2181
6989.54,552,8471
3607.81,354,4392
5073.45,444,6134
5985.55,378,4979
6792.23,161,4303
43148.18,1146,8466
3772.88,146,1012
11785.99,758,6809
16327.349999999999,913,8807
2181.4199999999996,230,1536
126.75,6,65
138.45,9,71
159.9,9,82
4123.38,277,2808
6371.89,629,12049
3272.61,382,6139
4495.85,407,8275
4997.28,245,12050
6488.2,344,2390
5964.150000000001,214,1423
15798.66,401,2990
5012.96,117,407
2094.24,86,213
2501.64,110,250
1777.46,82,173
9162.41,376,3809
9219.53,403,3720
7053.57,333,2661
8438.539999999999,629,4716
8878.210000000001,562,3069
3146.78,294,1469
816.0400000000001,44,399
740.9399999999999,35,462
2237.08,76,3442
1051.14,41,1734
13269.49,405,2841
3038.1899999999996,233,1767
2286.97,216,1794
1062.28,109,1596
3542.7099999999996,287,2059
2695.45,233,2089
1491.75,130,2271
790.7800000000001,96,377
519.25,85,225
388.75,69,180
915.4000000000001,109,431
400.84000000000003,76,173
4034.08,151,2500
2741.35,121,307
3176.41,163,373
13972.710000000001,476,6078
23772.07,716,10285
2886.25,174,2451
3112.34,184,2628
1077.3,97,860
1633.81,168,746
4342.6,337,3221
3445.08,305,2712
4875.65,354,3535
2459.2,212,1800
3510.0499999999997,327,4007
3429.3999999999996,322,3740
28718.800000000003,782,5816
13334.320000000002,476,2359
1982.0500000000002,102,450
2008.38,89,594
1866.4599999999998,79,990
2286.4,114,1182
1463.0800000000002,169,1857
1667.95,195,2249
2491.2000000000003,282,3278
1679.5500000000002,232,2379
1581.06,126,1105
2151.6,151,1550
2304.78,185,1705
1750.29,147,1389
1313.3899999999999,100,1608
1962.83,131,2456
1100.6899999999998,103,1342
1384.9099999999999,155,3039
592.4499999999999,133,1351
1840.08,176,3997
465.36,76,1220
983.5,121,2344
562.88,80,1496
7356.18,220,1875
3432.09,154,821
4751.49,237,1115
3025.59,163,747
1628.17,87,389
1475.03,113,662
3207.91,229,801
1877.65,150,435
3257.08,210,748
2750.5299999999997,196,654
5097.65,217,489
535.35,69,606
1745.55,225,1914
2409.34,107,461
2354.87,83,459
1147.28,68,296
2204.11,134,625
4561.76,169,1011
1311.48,70,252
2422.6600000000003,111,456
2709.43,133,265
644.8000000000001,59,310
801.6800000000001,43,215
290.1,18,36
1118.6100000000001,56,227
2354.8,76,358
909.3100000000001,58,173
1378.75,64,141
412.17999999999995,47,328
184.67999999999998,25,132
157.5,27,146
1166.0,79,557
1043.72,86,473
351.37,32,164
349.2,33,160
477.89,47,213
876.9,66,219
2509.62,135,462
621.44,56,275
3444.4300000000003,206,1275
2860.58,114,237
675.91,33,77
400.01,23,47
301.88,18,36
1171.23,72,1449
1088.36,74,1276
1108.58,89,1258
1884.17,199,2095
732.4200000000001,99,824
2367.39,114,1979
2373.63,131,1939
2209.92,109,1809
8855.51,397,3986
299.36,5,164
9.24,3,22
83.2,7,40
1200.0,79,79
2161.24,101,2668
230.24999999999997,3,157
231.89999999999998,4,158
41.24999999999999,3,25
15.0,1,12
556.17,52,277
1021.76,87,518
615.98,47,316
733.2,52,174
569.4300000000001,35,207
634.1,36,158
549.88,31,112
762.4499999999999,30,51
412.5,19,33
1007.0799999999999,43,108
3041.21,94,847
1607.04,46,80
139.39999999999998,8,13
99.2,8,18
247.63,16,29
498.03,27,55
120.08000000000001,11,32
156.75,11,19
1355.24,72,332
1460.5,84,232
616.79,27,65
894.42,33,58
552.02,51,678
270.96,37,312
242.17999999999998,31,286
264.72,22,205
123.47,13,92
324.40000000000003,13,285
872.38,44,113
6719.14,215,1798
281.17,29,228
661.02,39,418
1636.36,73,1328
547.35,35,185
5843.92,83,262
4145.47,74,275
795.5799999999999,44,80
2709.23,159,913
2032.77,101,542
1897.76,78,228
635.38,28,76
8497.98,415,3964
5354.01,205,809
306.66,41,225
154.52,31,112
3656.02,195,2558
2372.68,99,1640
586.23,110,1312
2038.33,98,1626
2217.87,112,1821
896.41,94,714
4860.55,335,3643
2848.89,208,1927
1651.29,115,1200
1129.1200000000001,146,2723
1155.67,119,2882
1163.45,120,2627
451.46000000000004,65,1062
1118.8,120,2521
1252.01,98,571
975.24,57,500
1114.26,70,566
977.39,74,478
1164.98,71,579
1058.6,42,296
996.38,63,334
980.41,44,361
792.31,24,224
600.55,32,167
793.37,44,413
727.4399999999999,32,354
1173.8100000000002,41,360
1557.63,63,481
1863.8200000000002,53,582
6021.4,143,1012
1428.56,48,420
1504.49,50,479
2011.9900000000002,37,637
4436.27,87,1056
5538.26,112,976
901.58,31,210
998.64,36,215
8608.9,260,1387
8440.24,215,1324
3442.13,85,626
581.13,34,111
1329.54,32,331
1227.95,41,247
947.0600000000001,14,150
6823.91,152,872
3800.16,89,506
7010.76,103,1236
1015.78,20,164
1025.6,84,2480
1365.0,120,3250
661.5,62,1575
451.5,43,1075
548.1,52,1305
763.1,64,1855
839.8399999999999,136,1840
3881.91,116,1863
6444.65,68,568
4805.53,57,422
4780.57,50,421
4937.01,53,436
3930.27,32,350
4703.87,52,415
1482.41,124,649
499.18,26,172
476.0,16,170
724.59,43,251
841.31,76,644
586.31,63,410
1156.93,83,881
291.58,37,211
787.52,48,630
4717.66,192,954
4931.87,276,2772
6406.91,257,2841
105.0,14,14
367.34999999999997,32,179
400.03999999999996,37,198
125.72,14,60
358.75,35,169
234.92,25,116
11581.83,338,5020
10206.41,259,4802
5497.33,325,3385
679.07,31,249
1215.53,47,427
19.92,4,8
2.91,1,1
49.800000000000004,14,20
6.64,2,4
11.64,1,4
13.28,7,8
11.64,3,4
2.91,1,1
6.24,3,3
99.60000000000001,16,40
8.299999999999999,2,5
27.39,6,11
86.58000000000001,11,26
9.96,4,4
19.92,7,8
5.82,1,2
9.96,2,4
24.900000000000002,7,10
14.940000000000001,4,6
23.28,6,8
9.96,4,4
44.910000000000004,4,9
107.07000000000001,16,43
17.43,2,7
2.91,1,1
59.760000000000005,10,24
5.48,2,2
31.200000000000003,10,15
7.470000000000001,3,3
14.55,5,5
12.48,3,3
26.19,7,9
27.39,9,11
5.82,2,2
13.32,4,4
22.410000000000004,8,9
3.33,1,1
16.65,5,5
22.410000000000004,4,9
19.92,5,8
4.98,2,2
9.96,4,4
5.82,1,2
12.450000000000001,4,5
534.66,42,306
393.59,33,219
1.65,1,1
2525.04,132,1576
481.5,38,1175
21.0,2,50
165.07999999999998,41,376
313.24,57,741
194.58,35,456
27.0,3,4
168469.6,1,80995
1.7,1,1
59.330000000000005,6,17
2259.47,103,715
6.98,2,2
2806.69,190,883
6809.650000000001,275,1474
15874.380000000001,355,3035
1419.51,76,359
638.97,43,120
505.4,24,145
343.72,25,27
12.72,1,1
13.0,1,1
134.08,39,2072
5.88,2,14
51.13999999999999,7,50
44.25,9,39
725.56,166,1809
766.64,177,1952
272.45,50,765
106.49000000000001,25,293
1590.6399999999999,56,2180
37.5,8,10
416.01,39,49
1631.42,130,309
80.0,16,21
85.97,20,420
13999.1,419,1435
13.6,10,16
499.31,83,421
1591.86,348,2241
5.46,3,13
21.25,9,17
103.06,39,165
24.65,4,29
12.5,4,10
224.1,7,78
25.28,7,58
29.500000000000004,3,10
874.6500000000001,57,931
8.850000000000001,3,3
1312.2,103,1727
974.81,51,268
1366.48,103,406
497.70000000000005,13,141
21.0,2,50
48.3,24,83
118.43,31,554
62.3,17,312
133.23,24,447
105.43,12,143
144.07,13,179
81.56,8,94
45.760000000000005,3,62
24.7,12,130
1445.05,53,551
331.14,19,100
88.04999999999998,6,39
313.28999999999996,11,118
40.95,7,21
301.81,34,61
1043.44,104,642
748.24,74,563
1270.93,143,1041
1362.8999999999999,53,1826
14.850000000000001,3,3
1057.62,63,459
21.5,2,18
982.5300000000001,113,311
59.400000000000006,5,12
12.61,2,31
5.32,1,28
216.33,15,108
1666.78,177,1137
227.54000000000002,33,104
41.54,10,10
1604.74,171,1205
517.71,68,325
762.97,84,434
43.940000000000005,3,95
75.88000000000001,7,168
58.07,3,139
137.43,9,297
61.3,3,143
216.7,11,420
180.05,11,408
3.43,1,1
242.15,25,559
192.3,32,385
66.55,7,95
57.0,3,150
5.9,2,2
87.02,1,229
43.32,1,114
5.9,2,2
203.24,6,528
117.05,8,235
136.44,3,324
5341.85,188,1737
220.66,34,134
342.17,64,185
1.7,1,2
184.4,20,180
85.0,23,100
107.13,11,45
59.00000000000001,5,20
47.2,6,16
103.35,13,53
61.07,8,29
466.69,96,388
184.76000000000002,24,159
355.58000000000004,30,288
92.39,21,100
336.58,56,243
365.76,1,288
713.7299999999999,67,563
793.3199999999999,82,662
112.03999999999999,44,129
119.67,46,132
167.54999999999998,42,157
12.5,5,10
296.34,24,1070
330.32,49,183
575.99,36,97
1023.77,112,1545
4049.4,188,2164
0.38,1,1
78.12,15,156
15.63,10,37
131.38,28,319
13.68,9,36
71.44,17,188
1.95,1,1
1.25,1,1
717.99,46,1352
2007.22,155,3868
850.49,111,2181
34.620000000000005,4,135
1254.9,148,3565
984.6299999999999,82,1131
9514.779999999999,637,11430
1351.7800000000002,92,581
38.38,11,101
689.76,132,1187
1423.63,174,629
111.34,26,255
488.51,112,936
363.34000000000003,75,761
542.47,76,523
15072.58,692,8375
1947.74,217,1963
611.38,87,440
61.25,13,49
3.75,1,1
1.25,1,1
311.03000000000003,27,94
1.52,2,4
147.64000000000001,29,377
297.62,67,589
232.08,54,402
3.7800000000000002,5,5
2.55,1,1
37.5,5,10
4.609999999999999,2,2
1051.69,88,1739
927.4599999999999,28,517
805.1,58,145
3881.33,204,13665
1731.4,131,1629
1759.04,104,1110
561.05,9,321
35.7,7,14
612.5099999999999,11,5404
504.55,8,4643
10821.29,492,7145
159.2,16,41
181.5,3,1122
75.0,6,143
6.25,1,5
5.949999999999999,3,7
3288.65,33,25707
284.49,81,703
292.08,73,434
843.88,70,6168
1134.68,108,5249
3.9000000000000004,1,6
3.75,1,1
1639.8000000000002,54,700
563.43,43,2709
409.6,28,2010
673.72,54,1654
5332.25,410,3691
4540.849999999999,364,2891
6827.21,528,4549
22333.3,477,2382
7023.14,391,2444
4.95,1,1
778.64,95,742
87.28,32,170
47.12,28,107
431.18,82,316
328.51,64,273
39.81,14,65
197.85,10,1405
651.05,44,63
1160.56,72,116
2010.6000000000001,77,209
41.25,8,11
22.5,1,6
1095.85,32,1253
160.08,34,170
15.299999999999999,1,6
1127.9099999999999,9,1251
906.31,83,667
17.35,1,1
34.7,2,2
232.89,10,143
6.75,1,1
207.69,15,49
19.72,2,68
19.770000000000003,5,31
46.56,23,46
30.419999999999998,17,38
26.06,12,27
28.86,20,46
48.3,13,18
30.08,8,14
167.52,10,58
63.28,13,26
216.07,11,108
946.7199999999999,44,489
477.29999999999995,24,242
682.9899999999999,26,361
793.44,51,237
24.16,3,4
5732.6,330,1560
6787.46,263,881
3401.15,177,481
2599.79,171,868
25428.329999999998,522,2465
190.4,26,32
229.57,46,89
71.39999999999999,14,28
1911.6499999999999,121,2484
66.3,1,78
1257.02,60,1150
28.05,13,33
5487.3099999999995,244,15435
837.02,81,384
2100.33,117,1092
472.07,62,355
3.75,3,3
16.8,13,40
28.56,18,68
7.56,6,18
30.66,17,61
12.75,6,15
19.55,10,23
236.40000000000003,3,72
40.8,3,48
3381.6200000000003,53,347
260.39,56,1213
303.84,22,816
112.32000000000001,12,64
59.5,8,70
11.98,2,14
121.53,9,109
34.0,4,8
792.0699999999999,34,83
132.0,8,48
4.65,1,1
423.73,25,101
3901.3500000000004,353,2517
905.25,49,213
352.34999999999997,61,243
5032.95,380,3471
313.75,51,251
7.5,2,6
54.34,22,286
513.58,72,373
419.99,48,317
132.75,4,45
156.29,25,71
1.95,1,1
246.03,33,51
1044.23,32,83
84.75,4,5
1938.1899999999998,95,153
1282.9,51,101
1283.23,121,406
1369.23,153,428
905.1,96,258
658.07,76,153
662.1,77,205
1675.73,157,487
20.65,1,5
4.13,1,1
4.13,1,1
28.91,1,7
39.87,25,141
40.519999999999996,27,147
65.10000000000001,5,31
541.96,70,713
1004.94,172,746
46.25,7,29
67.5,14,48
206.26,23,200
56.16,10,54
179.88,11,240
62.01,16,103
269.90000000000003,14,98
834.95,95,242
140.4,25,48
153.18,29,54
68.02000000000001,31,358
572.6999999999999,74,1463
458.34,66,1177
594.28,29,1220
295.72,63,428
2713.9799999999996,150,1638
265.4,44,326
6855.75,79,640
1405.51,195,2853
1186.9,25,6842
729.9499999999999,11,2567
367.36,35,284
246.12,60,160
2703.25,74,343
16.13,1,1
1389.44,42,3177
931.86,48,4387
196.45999999999998,14,527
366.81,57,266
1113.07,140,1028
67.25,4,5
3096.08,312,2654
3527.42,178,737
153.14,34,903
37.75,9,9
23.4,11,12
2.55,1,1
2.55,1,1
13691.02,449,5201
23.64,4,4
6311.69,701,5116
511.46,44,154
390.0,41,104
836.62,151,343
30.0,6,8
148318.28,2674,28200
25803.49,761,5801
1761.2599999999998,113,212
11683.27,348,2166
38.72,3,3
4983.02,410,2384
2.55,1,1
2373.01,78,220
9622.27,224,973
169.4,8,8
792.73,129,573
208.25,27,49
279.88,69,307
420.87,55,185
4298.599999999999,344,1662
753.77,36,46
612.8199999999999,6,71
332.6,6,27
2612.88,148,1084
270.43,29,200
1099.88,26,2706
1008.73,76,183
24174.010000000002,689,4752
29363.86,872,5738
11.02,1,1
140.5,10,13
269.53999999999996,70,163
1696.05,281,1054
2012.43,159,1051
17442.29,1140,9390
33.6,4,8
16.84,3,4
1274.3799999999999,72,253
637.37,101,331
131.9,29,67
306.67,97,303
1320.99,356,2341
2.51,1,1
4.9799999999999995,1,6
678.3,105,344
808.39,122,408
4.21,1,1
644.88,124,322
89.12,32,138
11180.57,369,5967
6662.54,286,3492
201.73,10,35
25970.0,720,4248
20712.63,496,3452
19608.91,543,3127
67010.31,1664,10077
6.75,1,1
23132.920000000002,500,4077
1123.55,37,70
158.04,2,39
214.47,11,34
31142.63,851,4715
45723.840000000004,983,6822
46405.4,1282,7314
28639.1,698,4872
8470.28,274,1321
48726.56,1349,7726
1627.99,87,269
5905.64,225,898
8378.8,80,2604
213.75,27,171
12.5,6,10
4556.5,376,6671
2751.5,265,4268
2222.35,226,3445
0.83,1,1
463.30999999999995,50,1303
488.11999999999995,60,1084
12450.85,127,9567
75.15999999999998,10,54
15.96,12,38
220.35,24,113
677.99,67,305
310.83,21,292
592.79,89,383
441.99,82,257
8.850000000000001,3,3
13.37,4,11
4139.5599999999995,290,4438
1684.58,205,1306
227.48000000000002,13,494
3789.25,144,717
17.849999999999998,8,51
18906.77,727,4769
5.1,1,6
626.13,47,777
514.4499999999999,99,349
68.1,12,177
525.4,81,370
972.1100000000001,78,293
656.0500000000001,69,176
89.92,35,210
5.1,2,2
26738.79,1017,32989
44680.75,809,15089
87.96000000000001,20,225
111.57000000000001,18,294
148.01000000000002,17,244
8.67,6,15
112.05,17,177
1531.3999999999999,215,3819
669.62,49,640
46.2,11,220
116.5,9,1050
918.65,6,539
190.89,54,300
50.400000000000006,7,24
3.9,1,2
593.3299999999999,120,586
445.94,65,366
442.24,88,714
49.11000000000001,18,74
306.35,57,753
692.28,56,748
462.15,28,549
122.63,31,109
134.85,29,339
156.72,29,218
69.17999999999999,14,175
466.38,38,1926
219.45999999999998,11,962
1190.92,118,6268
530.16,45,265
4049.9900000000002,287,1990
848.41,112,204
7368.68,399,3728
11184.89,499,5785
154.89,28,37
101.28999999999999,14,67
991.3800000000001,64,1818
355.05,14,827
918.75,47,464
4.3,1,1
1010.1,183,2303
1145.76,158,1244
94.92,18,226
9.24,5,44
62.9,13,74
36.96,13,88
45.0,10,36
523.15,54,643
328.39000000000004,28,394
279.08,23,326
141.23,12,65
5.06,1,1
27239.46,920,19712
766.85,16,383
1047.2,39,496
476.4,15,232
226.5,11,110
5.95,1,1
5.95,1,1
5.95,1,1
4.25,1,1
12.75,2,3
690.24,14,315
957.73,14,445
107.68,6,43
302.40000000000003,9,144
201.24,5,292
137.54000000000002,8,170
1.69,1,1
767.0,14,592
693.25,13,533
5459.48,129,4012
16409.02,494,1699
56.9,8,117
42.08,6,54
615.84,9,457
81.12,15,48
418.18,44,514
229.5,15,121
90.30000000000001,9,43
16.8,4,8
10.9,3,9
461.53,45,122
268.75,10,55
18.15,5,11
44.55,12,27
1.65,1,1
53.11,15,28
877.8000000000001,18,612
467.71000000000004,16,322
783.1,48,471
260.67,18,78
2600.6400000000003,178,1232
2082.7400000000002,102,1125
743.26,46,674
1276.78,91,985
924.84,78,660
1020.21,86,631
2613.82,286,1388
1060.19,67,822
531.36,56,708
446.17,61,553
404.75,24,769
292.5,25,234
796.12,64,1323
153.67,36,62
254.98,61,103
17.57,4,7
25.099999999999998,3,10
3789.9,182,914
4258.97,212,1559
6047.5599999999995,269,2184
74.97,4,9
8.29,1,1
1553.5,97,724
407.88,36,92
8.47,1,1
16.9,3,10
4213.54,216,924
4645.87,225,1059
8489.17,345,1983
74.78999999999999,6,9
220.94000000000003,19,26
511.98,44,60
340.45,22,445
288.46000000000004,31,105
967.9200000000001,54,266
1083.36,70,282
1671.52,136,1344
1671.28,214,1553
1283.1299999999999,127,2394
1174.01,92,694
100.64999999999999,14,61
172.51,15,181
669.6199999999999,76,390
13153.8,344,13968
1543.03,68,1217
340.0,25,272
100.31,11,97
273.93,25,497
135.68,12,64
308.38,33,242
1255.97,88,1082
139.95,2,12
100.15,5,6
370.6,16,76
29.25,9,15
29.849999999999998,2,3
969.61,31,730
9759.91,436,11973
89.25,37,69
5473.82,343,2944
438.25,33,171
711.64,61,1009
1462.9499999999998,121,1751
380.34,54,938
6.04,1,1
19.4,4,52
43.65,14,235
35.14,11,189
39.8,1,4
1200.25,240,1377
42.71,16,26
6380.2,396,1615
11.26,1,1
433.70000000000005,66,142
3083.2,107,284
6.3,2,15
181.03,91,350
180.14,97,306
12.18,12,29
4.62,2,11
4.25,3,5
4.25,3,5
1973.0700000000002,210,944
150.45000000000002,16,51
1240.83,64,1833
3196.0099999999998,91,3653
20.4,4,24
364.25,119,790
603.08,136,1485
296.58,112,641
397.37,70,479
1293.76,157,1619
143.87,56,138
152.64,35,114
2.95,1,1
1774.18,107,624
23.77,4,4
5.9,1,2
339.57,10,109
272.45,19,78
122.39999999999999,2,144
611.5100000000001,13,199
4357.38,150,904
80540.88,1135,15841
1565.7,58,242
2007.88,61,314
3209.36,83,532
8481.19,170,1433
13787.93,265,2281
2084.32,56,334
18048.72,349,3004
260.76,17,594
65.94,7,100
73.6,9,60
369.78000000000003,21,840
502.03000000000003,21,1194
252.29000000000002,13,553
4423.6900000000005,79,725
824.95,34,119
13.57,1,1
199.01999999999998,36,216
65.62,21,259
37.5,9,30
121.25,18,97
63.800000000000004,16,116
126.74,34,216
18.799999999999997,10,32
84.56,20,254
159.87,46,464
4.64,6,14
9.57,6,33
58.64999999999999,7,23
10531.4,230,2926
932.98,29,125
246.58,34,59
348.8,48,93
595.1800000000001,71,131
7.5,2,2
109.85,11,17
6.25,3,5
403.64,19,290
451.35,23,174
283.49,28,139
600.91,48,100
41837.6,2006,16914
29003.370000000003,1123,4878
56745.729999999996,1176,9831
38052.33,1274,4728
43811.16,1973,15301
3155.93,86,378
38.75,11,31
8081.139999999999,751,5641
9527.16,794,6955
237.73,42,114
2498.98,489,1207
3129.2400000000002,704,5595
7458.52,1336,13249
4649.0,913,8399
15110.980000000001,796,7479
27981.99,1176,12877
235.9,47,164
166.78,40,128
2569.6600000000003,215,1210
5479.4400000000005,506,2505
25736.190000000002,1201,12675
595.07,125,268
923.72,159,663
175.60999999999999,43,115
126.25,25,101
667.47,116,492
985.5699999999999,223,896
820.01,187,770
1281.86,271,1186
7.4799999999999995,3,3
35.04,11,14
32.48,12,13
1603.97,90,582
624.21,52,316
977.5500000000001,126,606
1024.1,142,632
1738.07,212,1856
413.12,39,157
2628.47,179,1838
3791.67,62,1004
766.19,48,204
183.98000000000002,15,51
42994.240000000005,1145,10628
29533.87,1009,6830
7.78,1,1
18.75,3,5
82.78,6,21
9042.15,485,2122
8.46,1,1
248.0,13,32
979.4000000000001,46,120
4404.02,314,1098
3263.03,271,839
16.63,1,1
16.63,1,1
8624.1,662,3234
7699.25,601,3285
735.38,49,392
14525.0,715,9853
607.98,60,746
24445.609999999997,1019,106139
43844.96000000001,328,1128
389.3,20,100
70.80000000000001,12,24
884.75,88,297
271.1,38,226
121.08,69,554
7.41,8,39
1.9,3,10
0.38,1,2
15.010000000000002,9,79
1.71,2,9
1.9,4,10
11961.49,277,24794
503.51,96,261
303.86,28,137
58.31,18,77
47.04,13,112
156.07,46,354
166.21,50,230
212.40000000000003,22,72
1064.0500000000002,96,376
602.67,107,1414
109.13000000000001,20,42
12.780000000000001,9,10
233.48000000000002,28,75
498.21,110,1137
297.48,53,113
113.22,34,252
347.3,64,823
15.9,13,28
84.84,61,319
76.68,53,247
83.97,50,341
127.56,91,472
37.04,17,74
4.2,2,2
190.16,18,65
4824.3,476,22936
3076.92,215,808
4476.67,299,1145
118.95,24,61
385.98,14,44
51.8,5,8
557.4799999999999,31,48
18.15,1,11
212.42,19,38
1164.04,83,227
1442.3899999999999,73,548
1820.2700000000002,123,959
65.76,11,21
922.18,121,1757
71300.4,756,31409
3505.58,126,206
3771.0400000000004,133,750
1097.48,29,121
956.8900000000001,40,179
11.25,3,3
126.29999999999998,8,74
257.1,6,30
15753.18,796,7575
15388.44,1248,11637
14076.34,1114,10405
21.45,1,11
89.03999999999999,22,70
1380.52,49,552
51.14,4,62
358.92999999999995,13,373
1042.16,50,129
23080.13,841,7131
13.82,2,2
536.24,9,78
71.25,6,27
80.0,7,24
427.95,38,782
86.25,10,23
76.6,9,18
72.25,5,17
371.78000000000003,42,109
90.94999999999999,18,106
72.42,19,69
24.18,5,52
84.55,35,139
186.16,44,198
85.53,18,93
77.96,20,85
33.15,16,37
278.72999999999996,64,291
105.39999999999999,20,124
2041.69,201,1263
2341.77,213,1475
253.79,40,99
114.86,14,100
179.1,11,82
96.51,23,32
1348.36,73,1256
17477.66,83,816
2249.41,44,664
3402.32,30,87
293.02,32,75
111.11999999999999,5,1142
387.13,37,97
272.16999999999996,41,326
1764.03,115,1349
634.64,70,433
8091.4800000000005,108,3809
453.76,74,169
279.82,43,103
5897.79,404,1523
2452.67,196,649
1085.96,96,277
323.36,32,161
2456.1,46,2781
2045.45,159,802
844.74,75,113
37.3,4,5
505.26,44,67
15.24,1,2
14.92,2,2
3254.14,474,2402
1481.05,147,1171
401.59,101,274
117.77,28,148
432.75,38,1099
185.7,58,75
2.15,1,1
138.85999999999999,34,56
35.089999999999996,6,14
2788.4500000000003,203,1200
1895.3700000000001,214,867
6321.62,722,7390
639.4699999999999,94,699
257.4,10,110
311.86,26,186
1503.6399999999999,34,538
146.10999999999999,22,77
290.78,19,50
62.35,5,13
414.74,37,78
169.35999999999999,45,191
164.01,42,194
417.58,31,54
377.93,24,59
774.7099999999999,187,818
8.3,4,5
346.93,64,607
1747.76,327,2686
2289.73,613,5077
1561.49,399,3504
19.970000000000002,12,25
6.48,4,8
49.14,11,117
90.75,11,55
34.64999999999999,3,21
79.19999999999999,13,48
137.26999999999998,16,75
24.749999999999996,5,15
64.35,8,39
133.85000000000002,16,47
3628.11,199,1259
125.17,19,21
1190.1699999999998,230,1321
1065.55,195,1199
126.71,31,147
95.69999999999999,40,57
53.54,25,32
3.38,1,2
1378.26,78,169
106.59,7,10
685.15,62,139
590.04,59,128
175.48000000000002,11,21
14.85,1,9
7788.67,310,37066
702.42,112,562
557.18,76,433
584.93,89,415
1287.54,179,1023
19.8,2,4
8.49,1,1
98.8,13,24
23.8,3,4
337.04,32,96
854.91,112,222
4051.94,442,1057
1920.02,234,506
59.5,11,14
696.75,75,282
44.25000000000001,9,15
536.4000000000001,47,173
73.75,7,25
408.9,16,230
723.5699999999999,43,367
4074.67,725,6221
1137.84,201,1127
3196.43,600,4720
1440.76,348,2226
80.62,10,72
621.74,138,810
543.41,93,428
1013.9599999999999,255,1536
25.099999999999998,8,10
67.77,17,27
46.89,14,19
12.399999999999999,2,5
5.02,2,2
2.46,1,1
259.37,27,205
450.98,44,364
4350.14,217,20775
160.15,6,15
918.27,52,108
638.34,15,260
47.7,4,6
1289.24,38,143
41.65,4,7
51.0,4,20
102.30000000000001,10,22
258.06,12,62
124.83,10,17
17.85,1,3
748.48,21,240
1472.62,25,72
140.25,7,11
1622.96,29,72
746.61,50,121
247.26,15,29
152.6,9,23
310.44,14,56
1193.0,81,838
279.0,17,180
1024.15,71,770
793.34,51,650
45.95,1,1
297.5,19,50
237.8,13,24
15.9,1,2
1106.16,50,288
859.25,11,15
1454.49,114,585
1101.55,69,400
12.75,1,1
750.48,12,14
130.9,13,22
517.48,20,246
1199.66,64,214
1469.51,224,588
855.26,51,860
899.48,61,745
987.98,85,725
52.699999999999996,5,7
53.18,6,7
233.98,28,31
308.99,43,222
530.22,51,243
179.75,25,150
10.02,2,2
4.96,1,1
10.12,2,2
746.39,64,373
955.35,51,193
1364.7,47,226
892.7,33,226
2128.72,182,5196
306.77,32,109
314.84000000000003,99,500
391.31,133,503
1175.93,106,460
571.71,62,206
2102.46,110,848
1108.28,81,565
103.3,4,14
372.3,17,94
596.94,49,295
516.85,46,537
720.6999999999999,40,609
1366.17,125,435
1027.79,76,389
1208.06,73,314
1313.52,81,422
742.9,40,312
214.65,14,27
2225.5,235,2747
9336.68,1122,19085
65.10000000000001,7,14
113.27,3,84
227.33,8,162
97.9,14,22
37.2,5,8
6.86,2,2
325.88,7,137
188.73,9,20
170.8,4,84
500.19,16,219
208.3,17,34
1045.8799999999999,64,125
618.52,51,79
732.7900000000001,53,142
136.85,13,23
1014.48,86,176
390.95,24,42
357.71,30,39
767.1600000000001,60,98
734.8900000000001,47,241
147.05,3,35
87.8,2,20
201.3,12,54
216.49999999999997,29,134
394.84999999999997,5,233
3.69,3,3
18.48,6,28
10.89,6,15
372.14,51,185
11.25,5,9
188.77,31,149
30.240000000000002,15,72
34.86,17,83
72.06,16,23
1781.12,93,1170
1189.23,105,544
1142.02,78,609
115.86,19,38
92.16999999999999,24,97
2634.59,218,2083
25205.13,1259,40439
74.75,4,5
896.0,1,560
360.21,36,222
768.8499999999999,61,276
517.4300000000001,29,59
837.77,48,113
761.25,43,105
1903.0,170,1517
140.23,6,9
638.0,27,200
806.22,6,195
419.25000000000006,16,135
560.5,48,190
840.45,26,119
127.5,6,10
509.9,18,74
1558.39,124,445
1086.13,106,334
10119.51,519,2297
1696.02,70,208
2379.09,96,298
2752.59,131,325
1538.79,83,189
79.5,5,10
317.71999999999997,17,19
2072.9500000000003,111,284
4999.79,180,600
234.28,20,28
17.12,2,2
3361.25,44,481
1845.2,33,323
198.84,17,18
232.62,19,21
432.45000000000005,10,195
492.90000000000003,10,326
40.8,3,16
528.78,31,678
970.7900000000001,38,650
357.22,27,250
292.04,19,388
427.44000000000005,15,272
345.00000000000006,18,214
312.65000000000003,24,185
389.79,17,411
189.28,17,112
70.98,11,42
396.38000000000005,18,218
501.9700000000001,19,355
212.85,8,147
551.4000000000001,9,340
261.90999999999997,20,319
568.02,32,450
215.93,7,233
474.84000000000003,21,276
351.6,8,296
3300.7599999999998,99,422
1.95,1,1
13.65,3,7
1183.8200000000002,53,926
1278.3500000000001,20,33
937.44,79,1059
2382.25,214,1788
1368.26,95,908
899.37,54,323
742.5,74,1318
1210.0,29,120
676.4499999999999,32,38
869.08,51,1734
489.79,29,1027
3315.18,353,2503
1195.15,7,113
6134.7,630,6794
24289.33,1408,19847
3210.04,143,251
312.5,4,50
8747.05,393,1523
2430.82,140,282
744.1500000000001,35,1505
1731.06,110,280
1.25,1,1
52.5,14,42
51.25,11,41
567.5500000000001,54,251
1149.73,49,2330
833.57,103,470
3244.14,293,1936
2618.27,260,1558
2079.4700000000003,110,381
196.70000000000002,15,36
1492.28,81,238
1877.21,33,467
68.0,3,8
46.8,1,24
445.03,17,197
128.83,8,53
431.0,9,326
611.0699999999999,30,347
613.53,58,293
433.46,18,282
552.72,39,304
67.71000000000001,4,7
639.42,48,77
105.82000000000001,4,16
13.57,1,1
27.14,1,2
13.9,2,2
34.75,4,5
703.54,26,302
322.61,40,90
330.36,41,93
1983.54,102,177
636.47,45,58
394.15,16,32
973.36,59,88
141.76,36,86
60.0,12,16
511.01,40,373
483.75,37,371
488.31,40,344
26.25,4,7
600.52,35,331
185.66,17,74
504.43,43,291
371.84999999999997,43,160
129324.49,2807,80082
9894.99,375,1729
342.94,24,52
289.43,36,66
6248.28,312,1708
410.89,35,49
119.39999999999999,9,12
87.45,6,11
186.35000000000002,15,33
352.75,52,165
73.93,21,53
192.17,53,121
471.13,74,123
326.33,53,84
1007.91,105,269
307.47,21,66
999.17,36,391
1045.16,36,432
1052.29,35,435
2797.55,30,209
1230.39,53,432
2996.44,231,1094
3072.64,259,1125
15.56,1,2
2211.54,266,608
1593.29,200,420
155.7,5,6
459.56,37,234
646.4300000000001,58,261
686.03,53,229
995.12,63,208
1619.84,43,291
805.38,88,201
101.25,14,27
808.22,17,342
1017.64,150,234
571.0,62,133
272.61,15,764
274.55,10,975
339.28999999999996,17,179
71.39999999999999,10,28
677.45,26,452
130.04999999999998,3,75
873.11,34,714
293.08,51,664
67.5,10,54
189.6,31,138
365.34999999999997,47,773
471.57,52,1081
277.9,42,484
157.61,33,226
211.29000000000002,28,953
224.31,29,494
273.32,62,335
1007.5200000000001,93,3096
513.6899999999999,82,204
688.7299999999999,83,274
602.6,24,262
401.3,17,189
615.4,34,282
574.71,21,239
314.35,6,131
309.15000000000003,6,136
317.0,6,136
586.5,13,687
5394.54,124,2542
5.07,3,3
3153.88,194,1135
17746.71,653,21605
49210.4,1769,36696
18744.170000000002,680,15810
459.2099999999999,36,273
19015.8,693,11945
4199.27,274,6041
848.76,135,622
802.73,120,565
51.26,5,10
392.53,39,148
615.49,44,364
705.01,42,374
179.85000000000002,2,3
763.35,9,23
591.5,6,18
630.0,2,11
990.0,2,17
1050.0,3,20
1359.95,4,27
225.95,4,13
428.0,4,33
276.0,2,23
174.9,3,3
1249.45,11,24
419.85,4,9
6538.08,204,529
5681.41,135,428
7629.25,191,637
5393.71,106,472
4490.48,98,387
3571.77,131,298
150.82,4,6
50.98,2,2
100.37,4,4
404.13,13,16
50.98,2,2
4279.93,341,969
17177.039999999997,1080,17400
21794.26,1425,26444
487.14,65,233
784.04,98,373
723.51,58,585
5493.3099999999995,459,6489
4.92,1,2
9.959999999999999,3,6
462.15000000000003,46,117
879.55,57,89
3266.4,212,1990
722.76,56,674
281.33,44,223
28475.96,1425,21689
462.12,17,266
541.3,16,322
401.16,16,232
404.91,21,159
1018.13,153,644
194.95999999999998,24,128
29.8,8,10
2.98,1,1
639.06,75,432
17.88,5,6
11864.15,812,8138
12913.24,1019,8305
1093.42,152,2120
510.15000000000003,57,1009
150.57,41,74
12.8,6,10
2062.19,193,4248
27041.21,2127,54028
17259.850000000002,1460,34797
648.61,177,1471
243.66,86,551
42.71,30,51
16.99,13,20
19400.7,589,5185
34488.07,1019,9257
32740.36,951,8798
39875.14,1085,10653
1481.78,81,178
4322.57,85,514
2958.87,75,353
3097.3799999999997,82,371
1289.31,37,3049
399.62,21,143
1058.72,99,269
21797.58,684,4623
30776.58,900,6155
2270.73,72,547
6664.45,90,1918
416.12,28,33
491.42,35,39
2750.0,254,2908
2033.33,167,1679
792.15,174,1157
1390.3899999999999,317,2231
719.67,119,1087
63.75,10,15
63.75,10,15
127.2,4,36
969.9,80,787
915.04,49,647
982.47,47,718
651.19,25,423
533.48,58,240
56.099999999999994,10,22
682.35,38,293
58.65,11,23
1.65,1,1
330.9,20,218
163.35,42,99
985.3999999999999,95,570
1285.9099999999999,125,720
367.55,29,300
538.5,40,190
654.01,27,271
656.82,33,430
531.4499999999999,29,211
943.44,102,477
896.09,85,496
1017.48,106,481
1323.51,161,1441
953.34,152,982
946.59,161,886
1327.68,133,1148
376.05,32,236
317.35,49,258
2364.82,135,846
2606.64,152,1183
2604.15,197,1314
24.869999999999997,3,3
8.29,1,1
2344.9,178,646
2539.29,131,986
2693.85,197,1356
25.410000000000004,3,3
50.82000000000001,6,6
16.94,2,2
2389.21,165,619
1530.1599999999999,87,598
1629.02,128,878
16.58,1,2
16.94,2,2
5803.580000000001,382,2778
1661.37,251,1448
2178.52,266,1653
516.31,114,536
212.45,44,64
13.44,1,4
3639.89,400,2065
3813.7799999999997,252,2451
169.75,34,51
23.519999999999996,3,7
2489.87,92,1853
12234.56,292,2685
4.95,1,1
801.4,40,149
2239.34,83,471
6664.329999999999,236,1051
21201.13,517,2685
8114.78,667,6151
2653.3,338,2126
3746.29,500,2981
2922.96,400,2330
8453.47,830,6316
2634.0,314,2110
4718.62,510,3829
2067.18,334,2066
1451.24,51,434
9.94,3,4
2.46,1,1
4.92,2,2
893.25,61,268
281.44,52,115
100.80000000000001,1,48
4363.280000000001,378,2032
2495.0200000000004,204,916
1442.94,107,359
2399.89,211,701
1745.62,87,1448
5451.49,469,6306
6363.28,342,3886
5426.74,180,308
7493.06,279,1595
7524.44,256,620
38599.979999999996,929,3091
8201.99,175,496
6647.24,197,960
50.849999999999994,1,3
320.0,3,3
1415.69,147,1907
1316.48,165,2340
837.23,141,1285
548.86,112,884
66.0,1,120
5.95,1,1
1052.02,162,2258
32.25,8,23
55.76,22,113
46.17,21,104
12.75,2,5
681.4,84,682
568.73,152,587
1392.64,146,420
723.85,78,347
317.54,29,99
559.2800000000001,53,106
548.81,20,343
622.57,24,391
1091.21,152,1361
360.99,108,760
259.09,49,174
676.92,66,164
417.17,40,106
1456.94,114,366
180569.34,3989,96757
59057.61,1868,30640
67985.77,1830,36860
2111.64,25,419
85.17,10,17
1016.3599999999999,25,201
2153.43,87,317
1024.49,56,351
2271.24,59,1190
2274.79,70,1203
475.43,20,4211
1138.04,23,11520
954.15,77,2907
412.77,34,465
591.6600000000001,48,285
2110.9,103,1270
3618.0499999999997,223,2017
2263.06,161,1179
185.64000000000001,17,56
186.76000000000002,19,56
612.64,42,185
37.62,2,6
2206.2400000000002,181,1817
594.3199999999999,61,347
1133.68,81,2054
567.48,39,413
936.74,48,86
918.91,53,98
257724.71,5365,94203
3444.02,99,516
6.04,1,1
1037.1299999999999,95,377
938.4699999999999,102,353
1123.8899999999999,121,426
50.599999999999994,9,10
10.23,2,2
15.18,2,3
1479.51,62,309
1069.16,34,156
1710.67,81,276
188.95000000000002,4,167
569.16,75,444
315.11,56,233
510.23,65,390
1193.56,168,793
1176.29,86,685
918.33,83,911
737.89,68,659
958.8499999999999,107,788
1619.23,199,2025
730.74,216,948
320.15,72,439
1092.71,267,1443
5152.07,250,1348
2767.53,123,919
5818.94,302,2062
135.13,10,10
95.83999999999999,10,10
46.099999999999994,4,4
754.59,63,94
1226.51,115,151
1317.92,111,162
1121.28,106,138
473.77000000000004,47,59
1451.69,122,179
1286.44,71,182
502.58,34,57
1046.85,70,287
809.05,30,91
599.38,29,118
301.95,16,61
20237.72,1110,8361
55.0,8,44
31483.7,1460,16373
12.72,1,1
1248.98,82,492
1503.5,88,659
13.0,1,1
1493.75,32,8816
1032.7,36,6155
129.04,3,8
16.13,1,1
863.85,32,51
1234.27,20,607
1905.15,13,977
1841.7,46,904
1058.17,57,103
1268.6599999999999,66,115
1825.1799999999998,65,140
26.04,1,1
872.76,58,90
158.9,12,77
864.1,38,510
396.8,14,176
1426.34,59,692
218.89999999999998,15,22
652.17,52,72
1385.82,151,1252
502.90999999999997,93,428
566.82,71,505
603.98,88,521
1585.06,84,848
475.91,58,283
993.03,107,543
1296.36,151,723
2.55,1,1
2274.56,150,4271
1826.07,150,1018
7193.46,357,1459
6606.26,442,15566
2293.0,306,2748
1514.78,143,1820
6024.5199999999995,313,5478
511.07,70,217
1056.6,45,246
257.15,40,116
11.780000000000001,2,2
1636.42,99,629
1022.1600000000001,67,364
2275.75,141,1512
2731.7599999999998,171,1725
41.300000000000004,7,14
4891.71,345,2275
4546.78,66,8311
35.35,6,6
5.91,1,1
1843.4600000000003,182,593
171.10000000000002,27,58
636.11,66,195
11.8,2,4
109.15,19,37
685.87,159,1473
5.88,2,14
658.19,152,1400
816.4799999999999,109,479
824.9699999999999,105,944
660.88,74,748
967.9499999999999,68,1176
122.46,17,138
1.9500000000000002,2,3
1560.6299999999999,147,1818
889.46,131,1760
269.44000000000005,17,146
831.0400000000001,71,1564
959.46,74,1669
1469.4999999999998,51,3859
2285.02,272,3455
2789.2799999999997,486,6022
1319.09,105,1045
570.09,208,1208
665.91,224,1463
460.9,154,2353
168.29999999999998,21,66
669.38,61,241
3982.91,318,2327
2477.2999999999997,183,1538
836.94,87,420
467.4,75,306
1096.56,121,2831
828.9999999999999,80,1378
886.2299999999999,169,514
643.89,66,831
2154.2200000000003,187,2849
1981.8500000000001,164,2869
625.1999999999999,2,1992
6875.0,5,12236
1685.46,47,3558
1579.68,50,1406
1120.96,61,2004
22.5,11,19
933.07,144,1714
522.3100000000001,83,989
3086.44,442,3440
497.03999999999996,48,1992
561.04,68,2120
6.959999999999999,1,24
6.959999999999999,1,24
628.41,66,2445
725.6999999999999,62,2946
425.75999999999993,46,1680
1877.84,384,2054
695.23,106,835
1281.31,253,1474
838.3499999999999,116,1039
6.58,4,4
1.66,1,1
9.78,6,6
1889.88,138,375
15332.53,539,3061
4.95,1,1
3636.6600000000003,223,701
20.34,2,2
254.47,22,25
10.17,1,1
198.98000000000002,21,33
177.29000000000002,21,29
12.32,2,2
313.75,34,51
46.6,10,11
55.120000000000005,10,13
46.7,10,11
84.96000000000001,11,20
135.0,14,36
82.74,11,22
124.38,19,33
365.74,34,104
67.77,11,18
165.81,25,44
191.54,35,51
226.17,32,60
120.31,22,32
3.75,1,1
216.87,57,106
443.84999999999997,30,49
578.02,34,63
501.65,35,56
44.28,15,15
59.06,15,20
35.33,7,12
14.75,5,5
23.61,8,8
74.38,7,13
85.9,6,17
434.27,77,115
428.92,79,104
353.55,56,88
178.11,17,46
8.57,2,2
502.01,40,55
333.71,28,34
284.67999999999995,20,29
207.86,16,29
312.14,30,37
144.07,14,17
316.99,56,75
164.62,31,39
118.51,20,28
354.59000000000003,51,68
168.62,28,32
213.38,34,40
76.23,4,6
59.75,4,5
139.67,32,37
131.74,21,31
42.5,4,5
212.24,22,25
93.48,10,11
127.5,13,15
135.98,11,16
67.61,6,8
7.5,2,2
11.29,3,3
22.56,6,6
18.69,5,5
26.5,7,7
30.23,8,8
93.47,9,11
67.82,7,8
67.82,6,8
85.0,8,10
26.52,6,9
38.28,10,13
41.17,12,14
72.18,16,23
244.79,24,29
195.14,12,23
113.76,10,79
292.08000000000004,36,139
151.3,16,87
71.9,9,52
271.88,24,48
55.879999999999995,18,22
50.48,5,5
257.55,16,24
380.89,4,43
301.0,5,28
215.76000000000002,20,27
143.1,10,18
246.83,15,31
302.29,16,38
358.87,28,45
192.17000000000002,15,24
66.31,12,26
71.17,10,28
66.08,13,26
35.87,8,14
135.8,22,36
79.19,13,21
71.46000000000001,9,19
37.61,5,10
78.99,11,21
86.65,12,23
162.66,24,43
207.05,34,53
255.97,36,71
146.75,21,41
148.87,25,41
25.67,6,7
160.79,33,63
43.349999999999994,6,17
150.20999999999998,26,59
54.510000000000005,6,10
64.35000000000001,7,13
158.89000000000001,8,31
114.24,6,20
70.16,6,10
105.72,11,15
49.58,5,7
25.23,10,10
43.019999999999996,17,17
25.28,10,10
207.94,14,19
2675.88,37,1804
218.88,13,576
509.08000000000004,29,1082
156.98,48,94
44.87,16,27
68.17999999999999,23,41
106.74,40,64
88.30999999999999,33,53
79.86999999999999,27,48
35.7,4,6
41.65,3,7
71.4,8,12
166.14000000000001,18,28
2591.42,109,204
178.48,13,21
170.17000000000002,14,20
79.14,12,20
78.75,12,21
180.46,16,26
154.87,16,22
33.75,2,5
97.24000000000001,16,33
47.120000000000005,6,16
15.0,2,2
82.5,5,11
385.15000000000003,35,63
108.99,73,87
176.31,30,44
250.34,34,50
64.09,6,7
92.17999999999999,8,10
33.0,7,12
14.399999999999999,5,5
67.64,5,9
104.77000000000001,13,21
242.8,24,49
34.650000000000006,3,7
250.47000000000003,36,50
353.71,32,55
368.29999999999995,25,58
19.93,3,3
664.3499999999999,51,103
48.08,15,52
54.4,9,64
275.53,29,311
182.79,46,216
249.55999999999997,53,311
86.69999999999999,14,101
91.89999999999999,26,104
227.72,22,263
2.55,2,3
87.50999999999999,10,102
165.34,25,209
187.61999999999998,38,74
22.909999999999997,3,8
243.60999999999999,49,104
301.28,55,137
129.69,25,42
76.5,12,30
131.16,29,52
16.11,4,19
110.85,30,44
108.11,49,129
125.83000000000001,21,109
7.35,6,7
91.25,20,84
514.18,111,205
278.96,60,108
225.51999999999998,63,106
107.39,29,42
243.07,42,97
395.68,41,93
451.44,42,107
462.32,58,109
554.13,40,134
80.75,9,19
273.89,31,55
228.99,26,46
269.1,30,54
214.07,19,36
154.69,13,26
160.75,12,27
172.39,14,29
299.28,20,30
391.18,30,39
220.20999999999998,16,22
183.97,18,149
79.57,17,44
101.35,10,92
223.74,36,136
44.19,17,18
37.14,5,20
8.48,3,3
42.1,5,21
19.92,2,14
2.5,2,2
46.21,10,31
23.759999999999998,6,18
25.04,6,17
21.24,7,13
295.38,73,151
329.95,62,146
243.38,51,107
161.57000000000002,34,67
263.14,59,129
183.26000000000002,41,81
82.51,16,28
188.09,49,64
73.62,24,25
38.31,8,13
69.62,5,10
35.63,7,7
236.46,36,47
370.92,96,126
44.75,3,9
54.620000000000005,4,11
40.47,3,4
132.52,15,26
125.64,17,24
118.24000000000001,18,23
67.9,7,9
104.95,17,20
64.94,9,13
83.69,13,16
36.33,5,7
50.06,5,10
25.45,4,5
5.09,1,1
5.09,1,1
54.59,5,11
599.13,41,79
199.45,33,53
455.86,45,75
276.49,19,41
937.4499999999999,58,93
343.98,18,27
410.26000000000005,9,62
97.5,8,13
136.17000000000002,9,16
40.34,7,7
35.26,5,6
41.650000000000006,4,7
439.65,7,59
226.16,21,30
137.37,14,25
263.28000000000003,24,53
386.32,63,77
188.58,20,38
362.51,25,52
490.92,29,71
677.0,45,97
529.22,25,76
349.96000000000004,43,70
734.1600000000001,76,147
843.9100000000001,100,169
687.52,75,138
88.5,11,30
162.25000000000003,20,55
123.90000000000002,16,42
85.55000000000001,14,29
280.71,24,37
98.45,9,13
230.39,25,40
362.94,35,67
106.49,27,42
131.65,35,52
168.94,31,40
1801.1699999999998,111,2197
123.76,24,42
98.87,23,39
249.57999999999998,73,150
59.650000000000006,27,47
306.64,51,81
126.11999999999999,32,50
964.4499999999999,62,107
322.84999999999997,27,36
332.95,20,37
527.8199999999999,41,58
75.88,7,10
37.620000000000005,4,5
77.0,6,10
82.81,7,11
29.98,3,4
55.690000000000005,14,19
91.38000000000001,19,31
109.03,24,37
135.76000000000002,25,46
82.71000000000001,22,28
322.40999999999997,21,27
191.40999999999997,11,16
71.0,9,12
65.31,9,11
112.78,16,19
396.64,28,44
179.88,14,18
128.64,14,14
231.27,24,25
46.93,5,5
26.16,9,9
17.53,6,6
55.74,13,19
155.65,31,53
81.92999999999999,24,28
38.12,13,13
2.9,1,1
380.82,25,42
625.48,47,69
651.89,49,72
9.15,1,1
233.29,26,55
284.43,34,67
271.96,32,64
293.33,35,69
203.73000000000002,33,69
168.26000000000002,31,57
27.04,7,8
70.6,15,21
58.5,20,23
82.64,8,11
22.5,2,3
129.59,31,44
132.58,15,45
161.82,36,55
342.6,21,40
469.18,53,94
135.84,21,32
585.1999999999999,44,70
460.69,26,52
242.25,11,19
241.98,14,19
322.52000000000004,51,64
44.550000000000004,4,9
609.4300000000001,84,144
441.9,49,104
139.5,16,22
228.60999999999999,31,36
585.29,31,99
139.28,16,22
749.69,99,177
775.45,84,183
874.63,98,206
1372.26,150,327
873.97,91,209
382.84000000000003,54,130
454.31000000000006,54,154
350.94000000000005,46,119
391.37,57,133
90.9,23,31
70.49,16,24
91.46000000000001,25,31
141.49,24,48
534.27,34,71
168.46,37,50
63.46,22,38
122.31,24,78
79.60000000000001,12,16
402.61,57,80
386.83,68,159
325.5,10,173
730.66,97,380
754.46,66,399
207.34,21,88
232.04000000000002,24,102
186.56,14,118
235.73000000000002,23,142
166.57000000000002,21,28
208.21,26,35
140.07,28,37
56.25,7,15
213.65,104,213
72.33,40,75
162.53,69,165
90.82,50,100
139.28,67,142
36.28,27,44
93.17999999999999,48,100
77.71,53,83
61.0,27,62
161.47,88,157
158.4,83,154
166.06,68,176
139.82,64,138
76.39999999999999,43,78
31.419999999999998,18,36
66.59,33,77
93.72999999999999,50,91
181.34,86,184
55.57,24,57
4.7299999999999995,2,13
28.98,24,38
10.17,8,19
25.339999999999996,10,68
21.49,18,31
8897.929999999998,36,36
731.0500000000001,3,3
20467.8,3,3
11062.06,1,1
519.241,33,34
13426.0,267,268
397.89,5,196
32.589999999999996,13,13
67.94,4,4
12.72,1,1
5.06,1,1
2.57,1,1
34.82,30,42
2.51,1,1
17.3,2,2
17.12,2,2
80.31,5,5
25.44,2,2
20.68,3,4
12.72,1,1
275.96,14,17
251.35,21,77
295.63,23,92
309854.11,1415,1415
339599.81,785,9630
0.017,17,17
125682.42,1851,5363
136.85,3,3
14.75,2,5
225.0,9,50
1.0,1,1
126.21,14,15
471.06,26,28
610.09,24,24
166.09,5,5
253.59,6,6
59.57,1,1
69.56,1,1
15.049999999999999,4,5
